-1.4701932186391888,3.199875541787685,1.2779263818130586,-2.160272511475417,-1.5419438366636222,-0.483857800952839,-0.7789399184383725,-1.3995816017200866,2.49262299690408,0.5878684508999604,1.0
-2.633604869913372,0.2988607667290052,-1.4492281285667512,1.2775948440059064,0.7408277670825505,0.2727688737734705,1.6814610765912763,2.308956801922509,1.4462629063465082,-1.0479077546513031,0.0
0.5728899207934209,1.3047877723609058,1.1156148636418803,-0.59898134794681,0.5092371488352401,2.025738769604984,-0.81145690635087,-2.4048803224201887,1.3900813693888738,-0.9376644865400408,1.0
-0.7919763130117139,1.7850635932346148,-0.17593291756366902,3.1637646615880453,0.8718134037206313,-2.460529770913124,3.4907756371648766,0.03659879120158339,3.737973830580197,1.8742200895941288,0.0
0.07020284304922618,-2.301333135008645,-1.8782724791300731,-3.2037451640580183,0.6882490702135875,-2.250477184561976,1.3504033002394993,0.8075339058410184,-0.9099432918077036,1.977414393750106,0.0
2.8197849669702597,0.8245361694504801,1.0185055136480454,0.9457292339110792,-0.703250746221714,0.9992986671904258,-1.17759630190284,-1.057987667587008,-0.996367238060536,1.4378232398716784,0.0
-0.5094664629024442,3.4220789038732167,-2.0793228183403367,3.7454808724166737,-3.9974093990191455,-3.9837342159236178,2.6338344155583653,-2.1064630038729346,5.64831127138901,2.446830027030848,0.0
3.2835357506470984,-4.064981646754721,0.6048364882595219,0.613359404072128,-2.5238374773002543,-2.7498302671307626,3.2322488067522435,3.8917640412232433,0.9558093710849942,1.1033687768727156,1.0
2.275602791284152,-0.8478781724609984,-1.1191716649416297,2.1016610131916726,-1.6363791551079545,-3.550962667200425,-2.4451068052694236,0.4692033001053213,6.250552004288893,-0.0877449173468299,0.0
-4.8168245279551645,0.520936929848583,1.184685427862754,-0.4739416946136872,2.0095245431416195,3.49142933150046,2.504219498952623,1.3389519997927335,-1.7106267984932335,-1.4273621412756874,0.0
-0.5085259069762138,-1.8941968396271784,-1.7087772205513443,1.0161554363522671,2.2862748940424367,3.9762214464377954,0.7256068708403651,-0.3644858765711903,-2.1369731882893337,-0.8545875114002294,1.0
-1.5905232206363618,-0.4878285929897747,0.8743172054891397,1.1173189417610114,1.6810705297313435,2.6836196134349115,0.9087153944640824,3.3189220355015245,-0.327443149129112,-0.19986086513488305,0.0
1.4741566587582464,1.475551201670765,-1.8573806426679147,2.3961300470059235,-0.6610290070026228,-0.27797592728060383,-0.7727883509638679,0.10371233130650416,-0.6786389578221245,0.3790346254207401,0.0
-0.8953971110833395,-0.6578279915275571,-0.4711036583656951,-0.8487380991683084,0.9026429991126956,0.9878596346004072,1.125045863704122,1.968699706173344,-1.702949256495519,0.6897146461212003,0.0
3.2368246778187064,-0.3358380587586601,1.7645268762829909,-0.625237600308626,0.24423055430660964,-1.3702922942524836,-1.0364307738441858,-3.121698116419535,-0.975581206170228,1.9791274886752963,0.0
-0.4455322666896204,0.7394167407461396,-0.7212800793129654,1.127582790802352,-0.7788546975458264,-1.1010583134419978,1.0725974284932875,1.041547192058336,2.5446226684705584,1.4278458122739952,0.0
0.3553630578422112,0.627491917285388,-2.7194981809222982,-1.1700426551847491,2.0191638249229205,3.0696565553404733,1.5059670918061716,-2.2735725215472105,0.013223263199316784,-0.2857638672639661,1.0
1.0603513145809471,-0.17597494612630438,1.391164760359555,-0.3714661621153499,2.35267222004772,0.1206942720586202,0.3044077959513204,-0.829261378994195,-1.2725338442828178,1.1115717162134386,0.0
0.416734301379575,-0.5311726585361775,1.029745258308174,-0.2138316673798776,-0.5251209347998186,-3.0342943523335806,-2.513111113825205,1.3939706285275386,-0.8384430034865371,-0.9882733613303436,1.0
-1.1788363390110053,-0.17561878822024313,2.547508869417728,1.2599479469886388,0.2887342464168329,-0.11336011305616595,-0.7254943772598774,1.0045034057743067,0.4134360331957933,-0.9390757884952922,0.0
-1.3777664298167331,-1.4967943951406426,0.05526981032024093,3.473267271856613,-0.047306084996261454,1.95783438207214,3.6002260131085904,0.8685388007672012,-0.796423114251223,2.2748902620946367,1.0
-0.4974788106567842,-1.0940821984784392,-1.1959186988981998,-0.6598400905593699,3.2356971450660086,3.403882226242993,1.986746907685468,2.9993095542114805,-3.1461700440826865,0.5273942751739091,0.0
-1.8494356425995493,0.8844116187800358,1.3878270936000443,0.0887910581999125,-0.5872892010660529,0.7082312559879905,1.3832806301888407,-0.1165965100599101,0.5367130086636257,0.491236527163925,1.0
-1.9574903263656644,0.23482198700114404,-0.5517962560983075,0.8750665335301926,-1.8686548636968048,0.7897087224660001,3.7625768815211664,0.1218887906106304,0.33295102692158324,1.684490717675529,1.0
1.6213799583298083,-0.9783872687542842,-0.3973096463922233,-0.9614991318318288,-0.7148859351107318,-1.8004135048488028,-1.5320711821084567,-1.6114826998490022,1.2773581155724003,-1.0535741591413057,0.0
1.6032984765902227,-1.6647623845183053,1.9846898717087047,-2.472128904228493,0.17297778354263565,-0.7200917215436755,-3.3329454864024615,-2.659093431674756,-0.9031593509770408,-2.3532565743502203,0.0
-1.0824584311301304,3.0500810715208884,0.09020407826218124,3.883241472057175,-1.2964221393518984,2.964474214345123,-0.7327418735217661,0.8179372384004654,-1.11726750082615,-2.0636301639423835,0.0
2.856733634671194,-1.8868125998046084,3.3748476812750225,-1.88498287893994,3.5851774631501865,2.053093500494912,-1.5348858810137629,-0.4614903836047162,-4.687884787756379,-0.09525820199398384,0.0
-2.5098009518221267,1.7661633376520858,1.5851800698860927,1.9468415792153573,2.1562411543462274,3.040743438923915,1.8293657489753776,0.32187929300082585,-3.797541165254077,-0.1585212307794619,0.0
1.0674762739144852,0.7727941173004179,1.0707177739863063,0.3762048003431112,0.7873265279283622,-2.2471909133619685,1.5487229522717143,-0.4998950684267054,1.2839954755676113,1.347388373279816,1.0
-0.0255963723731113,-3.1770367004868283,0.5606400298814496,3.145327350205452,-3.5967284885236945,1.7223077464324985,3.218819092212988,3.183225612800324,1.3434859194810158,3.1513655905104803,1.0
-4.409553715260065,0.3102061503408601,-1.6834652709764912,1.431078766961433,0.6038061066608119,0.5879252065793554,3.3519065298599293,4.206348455373629,1.5595304384576991,0.07175590283105385,0.0
-0.02749573201369272,-0.6019488064723753,3.2655131192875544,0.9251534102461928,-3.80283224989585,0.6272738054017071,2.4090608183101194,0.8526481800490533,2.06860241502268,0.2119699547927977,1.0
0.3975396811217124,-0.6713433317626991,0.16056561541981265,0.4440827239216673,0.5100691123548288,-1.1774016652379355,-0.14255331365715612,0.7572827508088451,0.8900451988349622,0.490905673386914,0.0
-3.2709069245745086,-0.4140371655634181,-0.3397290556166253,-1.2703212245981512,1.57678182202485,-1.2977938158993343,3.3202548519862325,0.8117437928498061,1.3904978254284754,0.7131845813204145,0.0
2.408653017756341,-2.272233957786028,-0.5234429800997403,0.0663442814058978,0.311924245131153,0.546258971652226,2.6372844439430367,0.793186643197572,1.049939858470559,0.855222780662023,1.0
1.3971800554007938,0.2799365715305005,0.2009191050318768,-1.2472953911692335,2.1068410519991856,1.5139390508039965,-2.7459103802745326,-1.322870646795405,-0.1397590278927051,-2.1141250013679382,1.0
0.2391252404464892,-1.477453110914888,-0.1384285579031657,0.8107823589095677,-1.3878831552548805,-0.8033889719439896,-0.8709807876535085,1.3330226803989111,0.1896271306971829,0.7756460961517824,1.0
-1.1266564968253518,4.810898266962144,-4.163492222487276,1.1482881623531755,3.2913920607673885,0.2584108281655805,-2.424892359451268,-4.076202604407373,-1.9368803919424549,0.7534698346424582,1.0
-0.7995791557283116,0.4861896851364227,-0.7935407650996951,1.6698539314933893,1.3086201775621007,3.642963420185181,0.045706269474496734,3.0590141401125246,-0.6403089399030975,-1.7603479257621335,0.0
-2.5164634079069312,0.8017695163733621,-1.0083195091466142,0.4866566056148576,-4.234877707169916,-2.351345403511357,2.896782372013172,1.7732714887910763,-1.0185625608961228,0.8289414972862266,1.0
-2.173208033918044,1.2208752908499312,-1.0431722306288331,0.10991808999327507,-1.031925294686224,2.1759284906794,2.148506190976259,0.1084385857961554,0.17894235366543554,-0.5078983297897997,0.0
-0.4466900242873832,0.16017556856422085,-0.7380717576413041,1.5211465756021478,-0.10417803345381388,1.0462565561704664,0.3871407979883251,0.2790053293279764,-0.6629191288420151,0.7478166525670911,1.0
-3.141987627345487,1.435919429971198,-2.321898367012352,1.6069187214723042,1.0684029525889325,0.1622327005985523,-3.511069847536913,0.0004199146637098393,-3.9066623689729,-0.4121814151206071,1.0
0.7938489111948069,-1.0313135234127353,-1.8416156007708129,0.3390754759832647,-1.1316938060526756,1.4895689208390632,-1.3928946020855086,-0.6726410814461501,0.27458903381759153,0.00610531784825862,1.0
-1.5108215816303583,-0.4292250505525049,2.100829800369456,-1.37701408501478,-1.3261335935679297,-0.7961055356842682,-0.461904138979548,0.635833989187519,-0.907349080574404,-2.3196757955332576,1.0
-2.1305172096050438,-0.1449168913207563,-1.7271822641550365,-0.2987515477495346,0.1756665260863456,-3.558082916980652,4.410525135961538,1.823686597223616,2.807563194274329,3.135047663499036,0.0
-2.554450971150585,0.9936649941411226,-3.180626181183938,-4.135573680936743,0.4476385826674189,-1.2455958552768642,0.3926613404335181,-1.1560575321570707,-2.0327162982569758,-2.041044896618883,1.0
-0.8020286851185771,-0.7678851141278492,1.3976811140240997,0.7038969460018967,0.6938251863074713,4.263476472132925,-2.3845705571376574,-1.0689457382268883,-0.12527988034704365,-1.1732891060134067,1.0
0.4145931836568921,1.85738846620982,0.0738898344780965,3.0106062364983486,0.12338890800126492,0.6248674780289055,0.7409223588102049,0.4604223667142449,-0.3602283259642746,-0.03279746546936947,0.0
-2.0229817594224726,0.2891211438926318,0.1651122598062058,-1.331222812604363,-0.5347490421048672,3.29459666722772,-0.8514233990452321,-0.41182796137851,-2.5010993600501497,-1.3659115290640995,0.0
1.7925296687318044,-1.7434567704166932,0.2466318908380601,-0.1282646118094664,-0.14573160264845222,-0.4999403624895764,1.5923285910389813,0.9043113641434196,-0.7457289539981704,-1.4268462628138867,1.0
1.0336404000583534,3.214786816706112,1.5272497807769636,-1.2141859893330509,-2.6691897006863408,-4.2353587615910175,-1.5966017145650668,-0.4149323150282251,0.5159400065871392,-1.8669513222482328,1.0
-0.6119759494412448,1.202069824008632,1.681707888200532,2.132235718597305,1.9282002807721563,2.8915106097166734,1.3648045561695124,1.6197815455862383,-1.9192565690044416,0.6188080335440493,0.0
2.162543753142097,-1.1880810056544833,0.8532423451626253,-0.8324429184842412,-0.8579121041890638,3.5850455822748883,-5.07795033193807,0.5426067860702454,-2.5139977653984933,-2.937438566411055,0.0
3.1028506208562443,0.8699399977580214,4.912701019323928,1.1578545974709755,2.630614544205192,1.2137140578289007,-2.1568658113401287,-3.8430831286127054,-4.375123998408406,-0.4213751751219059,0.0
-4.773627108240505,-1.8395776742562668,6.0756347229764245,-0.17223154403962812,-3.819377200276208,3.1939323886046,1.7523086032224011,0.2615965110127759,1.3551952485675889,-1.3710382552748734,1.0
2.6775337531788925,-0.6239169486880375,-0.6144904475010792,1.6568217743995468,-0.9206696212621338,-4.3714682199521375,-2.4552040636551737,-0.7568813147030867,2.9344739044306483,-0.164109685180965,0.0
0.09801046719513644,3.5564407485863723,-3.0616132311996602,-1.9705475954353504,3.902630093363764,2.0186987342569167,-3.243061305283008,-4.076327022073744,-0.9284781434150192,-1.4767182112128294,1.0
2.455031923555038,-1.9706389054716893,0.24712097068270564,-4.8552261908758805,3.362121761530726,1.8926807618314387,1.4033219550067804,-1.9566293495272933,0.9950732185578216,-3.329035176936525,1.0
-1.6155894112623717,-3.945329216937808,1.4577267113330907,-0.1929418263284616,-2.6514407921056677,-1.5671084501230663,3.5756016509326547,4.06592028678297,-0.1479932276593587,0.8671972640412274,1.0
-0.7034116543895186,-1.1967903379813511,-0.16302735794710665,1.9871336268300603,1.1049010562983304,-2.063756405103215,1.8707103161871168,2.1841752954609506,-1.7358134254897433,1.609133897898834,1.0
1.3608963151891569,-1.799730803952196,-1.0549066830788791,0.06666370535411212,-1.4029191322293415,1.9428191641872712,1.8458888944507648,-0.12163110356238815,0.7959985989104755,-0.07921393923493665,1.0
-2.250657320878592,1.8933736885210408,-1.9365658153337688,1.8259525705250288,1.381428270665052,1.4976128413777243,3.423213518126252,1.0101401556082614,-0.28843458969649904,0.4989168684797559,0.0
0.2639094626123933,-0.3325886169417149,6.6059909528417835,0.9539793002181424,0.941791515142765,1.0945491693791884,-3.1148803450217484,-1.0411479451956351,0.1900772969995501,-2.8541324999417887,0.0
1.3537241581006256,-1.26390541656122,-0.07495583153020786,-1.2408782513252214,1.913898087134624,-0.5929615247079508,0.8048396929456407,-0.13458585932914927,-0.36787601422967503,-0.9595250652768806,1.0
2.367720019435496,-1.4535612979457353,2.0795932979914094,-2.0317047367213568,1.9085869144434195,0.7936574584836797,-2.0452664496183446,-2.3400192779651734,-2.4481542302880626,-0.8559242476755126,0.0
0.04744575860143847,-0.7158885926143258,0.6373046994006789,0.41966702799698175,1.0249008343952395,-1.1350784792609037,0.7745917954350205,0.9076622068012892,1.9307568459973985,0.8445047174512461,0.0
3.043026430907392,-2.6530404307720006,1.3728665367360395,0.9168507726879936,-1.1606994268548303,0.8756586130983822,1.7128078888046874,1.8618474887248144,2.273535708876997,1.0766046227574495,1.0
-0.952049276598817,-0.7798369008437147,3.9291641694747534,-1.1511950395303576,2.122335455014106,2.127688230130376,-1.3577378970573075,-0.1987599618981077,-2.0193097328541016,-2.2587476586536748,0.0
-1.3207666617543397,1.5321687376590618,0.7807578069558034,-0.4641725587181303,0.11246341842027677,0.3261228417817133,2.1572328746781766,-2.299007383028344,-2.2618030297200518,0.206109936140868,0.0
3.2509326348520746,0.08101224549502739,2.2487413445062403,-1.1394304576744738,0.15726923649979765,-3.7145830803298807,0.11836387853968625,0.9028414269956117,2.041909412843617,0.030642820110808763,1.0
-0.4741957497212355,-1.4013167670680968,1.4646585209763852,-1.440833952523943,1.1690361888369123,-1.4544356687164173,0.3557528909738542,0.2561866430754329,-0.027632891178894645,0.5974826837073417,0.0
-0.6171279355067215,2.6821131223081425,-2.6178182160932137,-0.1519208724257648,-0.2336981396751132,-2.188700313473346,2.4880737432034907,-1.2931150152755226,-0.926894407451276,0.5433149879124365,1.0
-0.4029908629309101,1.8428780828573548,-2.7611405092740657,2.4197322402302195,-2.769950670809766,-0.8409598226250575,-0.3552086949753173,-0.3193991408517737,1.0691940185346245,-0.2170624442292448,0.0
0.32797436448296396,-1.1387977835725267,0.4968544882083965,3.495532669470201,-2.406557057876277,-0.3041520330081908,1.3386874334676115,2.051642914472245,0.268800878013206,2.202101744106337,1.0
-0.8906230779852184,0.7366697827494931,-0.0753502238029823,-2.8501686838274534,-1.4237306631852795,0.4176577326782853,0.16347230492800152,-0.2264499729715754,0.1655952007550245,-1.846830998492644,1.0
0.04524749112187562,1.6603240473104977,-3.0277825488650354,-0.0010824840495138408,-0.6941409201489128,-0.6679396953757213,3.548129100629648,-0.9363607865239106,2.390910425460037,4.2318290412756046,1.0
-1.1457394250703792,2.0990304159175968,-1.5821550800085675,1.375495799655478,1.013544719754093,3.42250729729464,0.07106341737669697,-2.7729064054750627,0.7979445918968135,1.771482759365672,1.0
-0.7455243652385064,-0.04559214629317985,-2.136191966724774,-0.010534532165866993,2.0270998580636164,-0.4414077806576018,0.5981544869956097,-0.4720736297202147,-2.262316381988124,-0.29900669950075864,1.0
-1.5779474212061295,3.3375264826602726,-3.6893313396571465,0.5976071160216692,4.486423596318157,2.1874744365877072,-3.5947794457843707,-2.8797430160479363,-2.879361619606249,-0.24702294436240085,1.0
1.5790402345362011,-2.0161562222372282,2.108392495112704,-1.419218411862692,-1.9137894827626318,0.26588743530228953,1.154216596831624,1.1329620986808424,2.0546467058065847,-0.7383695680006472,1.0
-0.4976327223805623,-0.5988726763952749,-0.8773244080371018,-0.2960534313341233,-0.6590586458894313,-0.0912975182398216,-0.7534440024060014,1.5281647462220511,1.5257255924824995,0.5120453266899048,0.0
-0.9682901043050572,-1.6824986559793444,2.8161603758432534,-2.655005562182468,2.7251808887408537,0.8093793571340662,0.8641807148237266,-0.5434090608838221,-2.0579554182843998,0.1766235766109835,0.0
0.8084386111916078,-2.3685537037703925,-1.1233359313081537,0.4401611595467216,0.018368144620583955,3.372584909036149,2.4240584617544427,0.864020078374018,0.8490882638157422,1.060713577895827,1.0
-0.8058995463817444,0.5863931944594202,-0.6457188429026459,-0.6835990274912206,-3.290980609749585,-0.2796105137924893,-2.248461885172764,0.04100730274589727,-1.1043290159778223,-2.294816338917484,1.0
0.2017427499114388,3.1496008169797114,3.325699331002252,3.8836682065017984,0.3936271135069033,-1.4608870832030365,-3.3461868724738766,-0.4175341161180837,0.3050096042210244,1.032495163803012,1.0
-1.9464032613394011,-1.952387515628765,2.6290642671287188,1.5492632365722931,-2.1389810109760563,-0.046379335252205126,-0.7197361771043621,2.2799552467794144,-1.1547949897145855,-0.6307163991403371,1.0
-0.9837976759286776,0.9768147010399362,-0.6330748650532204,1.1464360433929086,0.12484527225761692,0.04830563178814309,0.4160639721064209,0.1855757854786325,-1.9872341552983324,-0.7011352148642945,0.0
2.9065427343352632,1.0373675554464925,-1.9806426931040355,-2.9996211204054624,2.2450543977135062,0.8786038437578506,-1.3352877650895878,-2.2026005450536994,0.8256712398240283,-1.7929852989735668,1.0
0.0699762466778436,-0.0871777062101907,-2.2573548467410687,-2.205584564058854,-2.389468147410335,-0.6230199173698847,-0.3254091278424836,-1.3940807208914767,-1.3565610971535655,-0.15687000905164158,0.0
1.2902419432870085,-1.5579536383077506,2.455004712752048,1.654300790959783,0.0956303599081565,0.3426063415976652,2.4020714083815355,1.0723688299057237,1.2567327110697757,1.1121079262615,1.0
-0.010959152670507823,-2.3654832350754607,-2.0492394871736663,-3.304161513922685,-2.1832914144503848,-1.954880035816336,-1.1855585505460131,-0.3994455317325373,2.7214571530580063,-0.3974333204090208,0.0
4.1263688496382365,-2.1856376815427017,2.3685733788837795,3.3346936005905894,-0.486052029205678,-0.5470649100149001,-0.9313243565329088,0.5833679060160355,-0.2524329662569501,-1.2733798856667151,1.0
0.6140305636128593,0.5944917564540225,-0.6803827418746881,0.932291740281228,0.1714871899766534,-0.6825732295427296,-0.30724675158771264,0.12376615385266718,1.5449472651802534,2.670203984884686,1.0
-0.17713476778256745,0.4666215826849934,-1.193768678716824,0.08845470769574654,0.3708758523845092,-2.7562276984288885,3.7391248289053647,0.6098008232282556,2.167055658373389,4.444471979052159,0.0
-1.8813190478979325,4.516805132982488,-1.9215280712906064,-3.0437459728558087,1.5332431536908186,-2.2315919832171183,-0.3536307689328039,-1.8818478112996253,0.19296959535002106,0.5756055387620242,1.0
0.44323261348733456,0.7966198452535169,-0.4678743887548868,-0.9425237652332142,3.0641957316304183,-1.7196628634480466,-2.2068379551677366,-1.3134011481180994,-1.6045917155892748,-1.4274898522912471,1.0
-2.0888754695516063,3.4258205093375764,-0.4462614033374486,3.827627593853924,-1.7743999396930723,3.2827691802448102,1.67630328614096,1.1729198120020776,0.10660758786538456,-0.1453574848295126,0.0
-0.8320105264085405,-1.9870471721650167,1.1788013034899902,-1.0530391973935025,4.028787474016191,2.4286215653416168,0.20690633670915395,3.0331029502533777,-3.317437912475785,-0.5963553165502966,0.0
-0.08064937598614509,-0.6406534397409409,0.6494515610998634,0.7745227469922243,-0.8011214034144243,-1.9679678994545795,-0.15093968763700547,2.0808228995205207,0.2352755126876944,1.596351198628777,1.0
-0.016419595897149506,0.9402660503976508,-4.099549197603234,-2.5477762842098026,-1.5653162632417181,0.8593085548569882,1.987401344418248,-1.081231449626649,-0.42972840985307137,-1.1268785322231345,1.0
-0.9068595740752744,-1.4624608094308122,3.211221569677277,2.176044203513388,-0.4604719961968374,-0.6964390346052174,-0.11269624383673373,1.7497679067962133,0.4339395433881961,1.3139575779882715,1.0
0.6883982306407734,-1.2184085966931102,1.216998510483882,-1.6923731448919377,-0.1887734994725184,2.0044860536224105,-1.096701075396468,1.1768839858618771,-1.3892503547164656,0.13009623609215304,0.0
-2.8350878903726366,2.359986249964848,2.9565227640247,1.8255651218507456,-0.3723653828694353,2.2099519479803598,1.923540678044032,0.4362563845688607,-1.1749454639164936,0.3320412517179148,0.0
-0.5376461881241569,-3.8362929692624568,0.7439032115761518,-3.3696982162141005,1.7696428265330129,-0.7251003629451249,-0.8640665097981678,2.1817804782533887,1.8593407201219887,-0.08746312852757766,0.0
-0.37296486381498406,1.5266758403688512,1.9483909463837008,2.175982064040288,0.21592609981413785,2.247659207549175,-0.878312412450847,-0.3032909896479248,-1.3851983528560767,-1.1498575230292607,0.0
1.7714101525558703,-0.5441422212029821,1.96296732159772,-0.4917891243560329,1.2834774638905289,-2.022513432867115,-0.11742958050305673,-1.4408372083246193,-0.8771877366629715,1.809640773521016,0.0
-0.4728642664023656,-0.3682137216977844,0.6527376784315788,-1.0661272909728563,1.1207733755230702,0.350676078593079,-0.5574314461024137,-2.3353619379344703,-2.216032696783545,-2.657419654934156,0.0
-1.4058544040324488,-2.056225216600008,2.7973517086280064,4.08400697530369,-0.323140861807276,0.16845646593734562,0.044731032983020114,2.0912789112655235,0.5334507985033642,3.2333355909417256,1.0
-0.9928167783927668,-1.0921164610491008,-0.3981245323962715,2.087492729884117,1.2116349829209858,1.3038396903409626,1.0973330223580853,0.6157577971699796,-0.7746774933809191,1.8005963878641766,1.0
-0.3581728965070756,-2.3581065617885333,-3.204328652620946,-3.061120580951677,-0.4707870557129399,0.2627867668506218,0.004150537272482112,1.5037644255344795,2.072859890259153,0.6352700251249199,0.0
2.1126996504234064,0.4374451791490176,1.4303760102045235,3.3912298157326948,4.241214850678416,1.4973786093324086,-0.8453472527622701,1.0971486471189449,-3.279660401030012,-0.08904403106585575,0.0
-1.6960011531456876,2.178052340934853,0.2276755933949164,0.6530213728746936,1.437939451918086,1.4903960532367238,-1.8440633275264453,-2.424244187748376,-0.5722755777028891,-0.3747803818340398,1.0
1.075723497663824,1.9829039635983567,-1.348992401997846,1.7250523907545776,-2.8730609123400166,-0.94003764030421,0.29067475530190645,-0.2958689585332007,2.4623524676279094,2.1025672429103217,0.0
-0.346681370840048,-0.6312961397814331,1.9887374600137653,-0.036830300660965216,2.5416897610252853,1.2535254773424005,-0.4727084437959689,1.1378462779613374,-3.0212388302297857,-1.33744538961521,0.0
0.1507536074494392,-0.7042647093702327,-1.3256469500001713,-1.6342283316052553,-2.306460751055825,-4.5412673355456965,0.2544912482343811,-1.8100725527032444,4.162598467595504,0.7892701070533524,0.0
0.011723285125663166,-0.9914788541132136,1.5387215766908515,-4.7775952242972926,1.7193370588939365,-1.9450584157461728,-1.1174995687940918,-0.3156745379692889,0.5048789118666233,-2.4717794849371515,1.0
0.6972542773099742,0.03194834866813572,3.466065776566764,-0.08912997784671847,1.640218247681669,3.5734518455653053,-1.8075805411985228,0.3597184618479792,-3.481767945085436,-1.1948569008324603,0.0
0.4225283716503587,-3.7098120806341446,4.563860886029379,0.10530771571231867,-1.836813789252656,3.067814712993409,-0.1870431105234308,1.2973794180613611,1.7666793890115025,-1.5242290259426623,1.0
-5.615531100322312,2.258841628811149,-0.4837198520006791,0.0031369535529532,-2.4357838612467746,2.0600120128189485,2.1490252001900574,0.6234230782064552,-0.001753507885697494,-1.5852763347845356,0.0
0.4210807164238418,0.12963745885099076,-1.695311616053658,0.6228097690767729,-0.7340347000833091,0.9845515893375454,0.04492648464443095,1.1111228901765955,1.0417583177813812,0.11276177898311265,0.0
-0.517771336046201,-4.36471019289713,7.006390619194575,-0.9309292187863872,-4.949424588964393,-2.3947606156294783,0.4195589926238861,4.369786165038512,0.5328353233816598,-3.0008002074808138,1.0
-0.04200960974369792,-0.4892391997207822,1.3339768480303895,-0.06208048798880245,-0.2183404041068296,-0.978758810751725,-0.016821839195120945,1.0629955631752257,1.1474131361557949,1.279397117668947,0.0
-0.7598750675282324,-1.619725726889431,3.3721261512384806,0.4894644515631293,-0.8954942947406008,2.463810373232564,0.4017717243292889,0.420878123224656,1.488575848707816,-0.02305759684353761,1.0
0.8216438587623052,-0.1866050709005863,-0.3436744255064509,-0.3274262720503385,-1.3988293643837055,-0.5515991288565738,-0.35718271345465996,1.14463949415523,0.8885483444731218,0.7324579722043771,1.0
3.2887907817376765,-2.6375370480305733,0.2074657609248441,-3.1685783008641373,0.3864138906294449,-0.7440242720256557,-2.679086489277449,-1.2812749554194425,-0.9685072600864744,0.6057609243107608,0.0
1.5836120481276068,-1.3149880296894512,-3.1943127183588005,0.5598173570517069,1.3478120274709602,4.183748986993129,1.5385534765889648,-1.293937081996004,0.2630191448809329,0.6847342288269463,1.0
0.7455588254662048,-1.391289767482384,3.0998600957035736,1.7954866379759695,2.3634712168201952,-0.8735732796006531,-2.679414616614572,0.04407747088619719,-1.4927218811638867,-1.634280445442564,1.0
-2.1598235150291325,3.382185499816776,-0.03639991350959682,-0.1848121216509964,1.5237357516438528,0.19277240471825888,-4.6127635830666085,-1.739688029615441,-2.0044908937731347,-1.6823169040605992,1.0
3.4456805200223086,0.9080756154938608,-5.424881188031472,1.4832942518006924,-2.9133909630938883,-1.5000827321848065,-1.9521734555053136,-2.1648248811729967,1.4380026887074868,-0.8241941175603629,0.0
-1.5042987554534697,2.3434600444136837,-1.4012586145732044,1.6673861615203565,0.09495263482157708,0.5925999034338053,-0.7750840341332083,-0.6090538233018131,-1.3448181606002632,0.6516748143734907,1.0
-3.0824198213617637,0.6720684575362255,1.185362808279256,-1.2685984505371353,-4.429443546366183,-1.3663082278636645,2.5763587243751607,1.0817257791747787,1.5240988491095433,1.106045699453843,1.0
1.4440004906494572,-1.4566276487847507,-1.3888429447778514,1.0991750796415902,-1.27688481502241,1.92484633845673,-0.17548742860211353,0.8982107219979839,0.1028680997539416,0.15833609050978126,1.0
-0.22037569237620744,-1.2371444200569848,0.7088466867830657,2.057440936051344,0.5101874335060185,0.20084752887443508,-2.6271344753936847,0.8651346034871447,-1.6027604407220033,-0.3797343904304673,1.0
0.8957351115536762,1.5521442218298915,0.7144425067781052,0.07666443833037502,1.516687511868316,0.17099779819857205,-3.4799624853181625,-2.0768125911108126,-0.25276671904253634,-1.508648143433906,1.0
1.3382728362137326,-0.9467450994995904,0.5288929922857245,-1.0957188862096154,0.40685551517581603,-1.222804012768547,-0.29688601933282793,-0.9194936508966376,-0.8942672396666369,0.669218764052039,0.0
1.369683768153532,-1.4243898356283382,-1.849213656235778,-0.6711224509205852,-0.4358689009966368,-2.3650933991426366,-0.2103035391814374,1.5674762407738687,2.8591997242246654,2.421750179457713,0.0
0.5157007407274682,-1.3180374408341309,-3.2528299460139856,-2.0293968973418406,-1.8833523560075427,-3.35592038288818,-0.4472430305812459,-1.6257835214167855,3.1874823707955877,-0.21266305208131508,0.0
-0.14349340199018562,-1.7435403468755135,2.116698083398469,-1.666470722030506,1.0934539874916225,-0.048059644754025216,-0.6676268347840572,0.7850121469042598,0.7397017061678945,-0.4001051394972197,0.0
-0.9577197265481516,0.985412925118712,-0.8547222954514468,2.8319687474493365,0.8362829916218749,-1.9932040040545864,3.01113588199895,2.1156088530785446,2.926819964796831,1.9326739021136228,0.0
2.616788998205519,-0.4196390100125277,1.8020260794794687,-1.3249773029081493,-1.9172418479596407,-1.1111396342346989,-3.48483490342742,-4.012111475496432,0.34487487612401296,-1.6593439733747253,0.0
2.987459903981198,0.18391987983278246,3.23929115284744,-1.5085311766000218,1.0105280655061224,-2.282730096490012,-1.6853559670388885,-0.15128756974226806,1.4360307505708472,-1.8057075423063955,1.0
2.8402478478024102,0.3809025179908176,-1.0040969094942205,-1.4025505785794667,6.137689976381543,-1.7591167461906887,-1.141734104556989,-1.8227642891528777,-0.4129283161840353,-0.12954338367212195,1.0
-0.11595443493961954,-2.0582862517405007,1.486338942408662,-1.6792799802567642,-2.742476824868917,0.3118305833432609,0.9311730160411322,0.6927174073333476,2.10016389898712,-0.17505765431176473,1.0
-1.412331211443051,1.9930116641215685,-2.7117196228071845,0.5931320391131776,-1.8988451415911087,2.638689026674208,0.2432507525768164,-1.1761131461323224,-1.233739908436681,-1.5052392219965258,0.0
2.891726008535161,-4.671131907250508,0.6674585870570792,-4.384660619847538,3.872571238716304,-1.7656826847461502,-1.7073481985560996,0.4121807407154866,-0.9059751611349472,-0.44209889637773603,0.0
2.585063293736408,-0.20937333470906547,2.4966217869068688,-0.5932007963287967,-1.6634542277124809,-1.6247588963501671,-0.10850057520325344,0.7759116938911113,1.6594733585882857,-1.0482056260163335,1.0
-0.5741201664888039,-0.6837370218201692,-1.5259685112787944,-2.751394070778263,-1.238925780108366,0.8220377755692274,-0.07258602559454892,-0.3830613967730122,-0.2762265029997797,-0.4085010174928617,0.0
-1.539971609178262,-2.62065026865684,0.0227218447486992,7.055500527306513,-3.3646662191849512,2.1263549034802898,5.033687169630488,3.233812820610895,0.0286611417124246,5.423836162029103,1.0
0.7634804387199872,0.22980543614600776,0.0816308221379737,-0.009428175707244659,1.976552312440684,5.724713012242856,-0.7214778906868191,0.6255719582501159,-4.61856258151025,-0.5590745979455876,0.0
-0.02826798372634271,-2.2032092213997747,-0.059643099227044576,-1.9216349595683089,0.4018480605548938,-2.6347137973142982,-0.9908174680054962,-0.031974495104836416,1.7381455235622174,-0.4735411360360933,0.0
-2.399456102743045,-1.0096628183840326,-1.195669023167904,0.9634152350139232,-0.9805298904200004,2.688118463215223,3.7175419600083055,0.20841018824620688,0.3808239695580236,2.32967558585865,1.0
0.9171910043211712,-1.6125515479600483,-1.7171306796964716,-1.8841440594852192,-1.1001454419585444,-2.037474834538425,-0.7034333885675506,-0.1661217699261014,1.4432327514490169,-0.5895271869824747,0.0
1.229158444106023,-0.6043074447117546,1.106307228823965,0.1899315272020385,1.9695063102189645,1.6734161802027712,1.8443495317834475,-0.30271698777402445,1.258142890290872,0.5914064995827109,1.0
-0.13892052310314926,-1.9615164293331084,1.3675663271734169,0.8340058840394624,1.4435279993696295,-1.7865462148703355,-1.2879318243502371,2.447559509655536,2.2087594059834723,-0.7589292415437114,0.0
1.801701699179356,-3.2502641136620247,-1.1308191901248967,-4.631102603706905,1.6430520085987512,-1.1580746998659646,0.4204368500988518,0.31865242411854444,-1.5088938018809646,1.2752340924036991,0.0
-1.7959682558095948,3.544182538875861,-0.5743995617616398,-0.5412834540080257,-2.436454557731956,-0.3628456683678691,-0.21921352117840007,-1.7225925732078535,-0.777031536629531,-1.4709708603628875,1.0
-1.3310230861841104,1.047301131933226,0.5490795591644193,-0.4830086648088821,-0.9654699180674864,0.2041441808344632,0.51920368071449,-1.4679118898797732,-0.9048614868311936,-0.4853142994283392,0.0
-0.8558347580460891,-0.4426841771992359,1.0179262314113473,1.5569074061089234,-3.3905466086946925,-1.7255856199116133,2.1988835987607342,2.808112874581273,1.0828702301034363,2.73379009231154,1.0
-2.7092330306683614,0.5913666369764741,1.3233558048202048,0.366220691560874,0.6779455612279061,4.4378955699801175,0.7739876376764708,3.4562690288771587,-3.193864604349486,0.17113366843927208,0.0
2.1551345251972207,-0.9463564474577862,-1.0888482952106306,-0.5322203897783341,2.5837446037587948,2.134415980677829,-0.5773365708707364,-1.3466400309420097,-0.3869850886164786,-1.4475080169136747,1.0
0.6419519775564771,-3.0277192777344597,-0.36781753961131214,-0.6573499111477384,0.0699935700175132,-0.4606191148335162,2.0739740553478607,1.3550772406007985,-1.1980242113224835,-1.1892535040370351,1.0
-1.6794135453996468,2.5934964251903887,-3.6256329652046895,2.0669255419478256,-3.4427911689123465,0.5466369820699271,1.5259104381004551,0.2006332034420787,1.6915538460690325,-0.7309183344599025,0.0
0.3472854490467965,-0.663240390891706,0.6473015105916109,0.09422773998405763,-1.0068887289143529,0.8405312790633146,-2.9724047843759536,0.8292618286118295,-0.1411820938921478,-2.2192335453471617,0.0
0.9647528082480435,-0.700942506092854,3.116878789033421,1.7047792322291868,1.6241205182157887,3.8229142067071686,-1.8512395134539104,-1.0774144088010464,1.0461656571803295,-0.4464789195808669,1.0
1.9246547889118608,-1.2494463675310143,-2.750944563897715,1.8138897132809009,-0.9544901374720824,-1.086499661700068,3.1322406052768605,2.065920794641192,0.7541206130583468,3.395913299947173,1.0
-0.3073227870498764,0.7652265869250816,-2.77842516537089,0.8446918403924214,-3.242872683339944,-1.5534412085865144,0.3667310204032975,0.06363385496896283,4.0842261187256765,0.35470271658961605,0.0
2.6883052929040243,2.84478553448552,-0.7226269583003991,-0.6747568711416385,3.0623809592383338,-2.7938833881217127,-2.219439622546077,-1.984800950395736,1.010018652306038,0.6805828914827512,1.0
-2.177031407317512,1.4850780520430775,1.7629912622172388,2.1114038132856168,-0.3692505500766803,0.9944305298726734,0.4795809670533139,1.0364647367895998,1.0254528668537193,-0.06336704036211517,0.0
-0.642618341065621,-1.8387566699877207,-0.7421942950672032,-3.091378834019596,2.9420998242351097,1.0498326015392123,0.6171527278539195,0.0881523716978211,-3.5419191559456755,-0.975073069834808,0.0
-3.77261914819264,1.8110428064251431,0.2650725822742205,2.279994375967501,-3.9245043267037913,-0.06271443259122693,-0.4639046223353496,1.436853114124777,-0.40245704584205,1.8592902994524507,1.0
-0.4800908020201693,0.14330327112068655,-4.242734757685726,-1.9192668974856684,-2.3487064836205422,-2.085986287393926,2.0086738871651786,-2.0667028822268207,2.2800287655271547,1.5018941104134669,0.0
5.447258771986292,-1.2504734741109542,1.0086485368693607,1.7937213621388957,0.3318835559961586,3.163283164014977,-2.295576681188342,-0.9622037364347374,1.920110770063492,-1.184637685684772,1.0
0.6469314356881162,0.4110196886294905,-0.049183802978886255,2.4783878439508835,0.1351287447672999,-1.5144634708177098,-1.3696691882778569,-0.3080446688008468,1.0757692296943029,-0.8330712510854034,0.0
-4.931511034561131,0.6392646499492718,1.8113526270204043,0.6506304411554356,1.2074653698858393,3.674924192256388,0.5698028904663692,2.6395041371947805,-1.8145328083067545,-3.303478901519713,0.0
0.75575347087439,-3.7155030220542895,1.183331390638739,-1.4995441064457793,-1.2812527961713702,0.34712887839066403,2.274188778117128,2.173681007108509,0.7052963703688637,-0.8493451523450976,1.0
-1.1171160353142209,0.9687157158283508,-0.4615196091862043,1.313719630435635,1.3120494207682227,-1.3395504059830132,-0.15411436872376474,0.2998779160393146,-0.5008013999671325,2.1033151470975207,1.0
2.8689067996950577,-0.5372913055827828,-0.32403664653105463,-0.3996314993461942,0.8848224132547176,-0.6190526856658459,-0.8450982190932838,-0.3800400960740346,-1.0264322149532985,1.2431460590858452,0.0
1.227012844376553,-0.4987314472306823,0.24778859200476314,1.6787955695477057,-1.2367580595820735,-0.719054850070004,-2.3763313216425,0.2519036948450276,0.4399855623661703,0.4556845708610301,1.0
0.3344638066010606,-1.8918546223009631,2.4895385439487665,-2.039392601346556,1.8446776814539505,1.623993121950962,-0.7692927956892027,0.40175363579614376,-0.40414094470532297,0.5683199918003721,0.0
-3.7858769610353566,3.7621986213619247,-1.287327167331194,-0.6128200921886019,-3.5775018430372407,-2.549745968711657,-1.4051247586437527,0.26063769074716525,-1.6185710900123245,-0.3993735204261625,1.0
0.1268506066380629,1.135035625830888,1.4598770260814815,0.3038875928112149,-1.2820253643403172,1.4639472935311781,-1.7089256137774398,-1.6710581259983182,-1.4605669085902202,-0.956489732490144,0.0
1.6120113140782593,-4.7441499710306765,0.9169756618625746,-5.463928760707425,4.805870732502799,-0.2961291174639833,-0.3654690275378237,0.2349724966430258,-3.1071570811039484,1.783870930236585,0.0
1.5059152185854372,0.4846011797768303,-2.344496456920264,1.6343379300421432,-0.17725787103712878,-0.4051047780093369,1.1781291899174295,0.781682605446382,0.3415361271134038,1.1669930900721208,0.0
0.4642966703918744,-0.6085937513992781,-1.4741703687726984,4.0063882541213065,0.3941341942545667,-1.0094181350994265,2.303905591784728,0.8282520668772749,-0.33079291183208176,3.6673543074133,1.0
0.13712954073732322,-3.916593503824524,1.5971221234205677,-0.0151609584119874,-2.2598714635601285,-1.014572780863628,2.1536706842421864,2.8848796441686333,-0.8329412206858127,-1.1124874700867688,1.0
0.65229711685847,-0.7014086884081848,0.7575406687883991,-1.3194765179844428,0.9612454751458562,2.3677944949625074,-1.0658506569645916,0.554691196598463,-2.4596230239127794,0.8401394889457613,0.0
-0.4884946140155685,-1.1739824835118768,0.12623507025797398,0.2189590061120208,-1.899913783423984,1.4235635348852005,0.5605235025019396,0.9642448141465924,-1.5975861313031194,-2.083405288167846,1.0
2.8141090056982923,0.9018287557241214,-2.3172068360552367,0.08847153394947571,-0.9178294714656818,0.4893376606758367,-1.1581819715420336,-2.075485566733601,-2.856029105050306,-0.5440228261480591,0.0
-0.3733141755582905,-0.9877150617914644,0.2709357700299398,-0.4313306818627812,-0.2539823924169062,-0.8886727224046168,0.4409777856488935,1.3112954996616588,0.09530251866162473,0.4562343642761789,1.0
-0.4750519201898428,-1.0334947437054145,-0.13782058209312767,4.7530246735849335,0.9265027492518244,-0.22161291176630887,0.0781224004002808,1.606560047543373,-0.8678270975440704,3.4452586123896465,1.0
-0.8576049881171226,-3.2235397196320674,-1.278315180144202,-3.889335065055085,1.8718152898572065,0.6698424914102769,1.1274044597551078,3.202947236721096,-2.160546453546711,1.1471258977951828,0.0
0.8759586946888434,1.3387066051797338,-2.8102712741856752,-1.3195303195878985,-0.6568854193199771,2.9655930889711777,-1.43495487102232,-1.3350190612492991,0.19800052936969256,-1.0569690799658789,1.0
1.8790994079077523,-1.0468740822023264,0.8870434946698532,-1.893414564250908,0.183566314028884,-0.4934317540594802,-2.0596594778874087,0.4518377033223762,1.3401093980467902,-0.9451681767758686,1.0
1.7722985908295616,-1.3405271940630237,0.08993576533373959,-0.6021074539881706,1.4477128696202466,-2.1047729433994617,-1.87653231938716,0.5123523090434996,-0.4505821557993561,-0.5618022159398905,1.0
0.4814784993635408,1.9014658399985769,3.392874959290147,0.09200795877287404,-0.5937082475585129,4.400235572571028,-2.0525370907524136,-2.4637697829842584,-2.769205848728832,-0.7858567318706353,0.0
3.9187448818723336,-4.66773233534448,3.1692954057492417,-2.4709143043062536,3.634679057299776,-2.0132435085573595,-3.4658781304331625,0.8568274771799262,-0.15235255557275462,0.16118560492654022,0.0
-0.5199043004849798,0.3886153714232383,-0.9509738441840859,1.5755479803919488,1.8164702252117928,0.5759255461671526,2.326543007180533,2.0430775300968693,-0.1672176870270201,0.53162366993992,0.0
0.325943940996901,-0.6317059203890408,0.03944212356519638,-1.0481494466798469,0.8153991633024297,-1.5443973597885197,-0.4407933010047623,-1.9494991354127365,0.2503359310640589,-1.2486101639416871,0.0
0.7659811713960095,0.543591543998012,2.9425129219390715,-2.1892766732133366,-0.5831292474342372,-1.628884016360196,-3.5212746486680206,-0.4858330708530309,-0.3786106782220591,-4.063634565195007,1.0
3.25240690510779,-2.5514002298187086,2.794267640975908,-1.4232791558877105,2.976978030135627,-1.3315574373010046,-1.6750231665135529,-0.18968661224763245,-0.09578822541512724,2.240669867196935,0.0
-3.0731976394997877,-0.5548381290772678,1.8483176268823287,-0.5995111746743532,-1.7891660396035818,-0.3536849815832344,-0.3841649506274549,1.5056713557889283,3.651672634725416,-0.5487224744122899,0.0
-0.4450249293337745,1.2292681880013558,-0.0986997503825584,-1.2653177266341489,1.6057116195330754,3.200713973087681,-0.8070277998735634,-2.6524244818574645,0.14475497595170525,-1.5370705014518014,1.0
2.039027127636435,0.06061569220818274,-0.1849963504686485,-0.2469270294252081,-0.4661445758575866,-1.7986250515255608,0.2857722434551113,0.20320037245215866,1.3574129011504432,0.9420804195316606,1.0
1.61453243601613,1.4218772828649335,0.2944752694171138,-4.280395346629518,0.8313078699153823,0.9665128116941428,-2.2547940677847027,-2.793253066638316,0.6984489384637473,-4.148599426866969,1.0
1.008495101962924,1.5571796897664218,-2.279495614350834,0.6193693655353393,-6.309608295402719,-3.351468106337595,-1.3616210491982057,-3.0097338524851,4.74905038270104,0.16684386879758414,0.0
1.1505050217479864,0.6414513743521921,1.118168400815796,2.2182267126270414,-0.1436566226880307,-0.4203921235076368,-0.906581635611432,0.02757042494691549,0.7197789490426816,-0.4100579976292685,0.0
1.5241456793950987,-0.7305411451509204,1.6424153609263468,-0.4690373239692973,1.1319599396539823,1.0044588253442623,-2.4497909602970447,-0.6979462236406812,-2.1523143339785995,-2.031953443663644,0.0
1.6424164023426049,-0.005282261021303184,2.773888697603536,-2.0757699572666373,0.17794409794794191,2.29561348133938,-2.1369845250278683,-3.0295703008902,-3.0097184361251745,-0.5500199170602043,0.0
-0.006269115944318679,1.3747456795279642,0.9760405401572174,1.5764289214755995,-0.05938200275918454,0.06349130142516428,0.7796939707209537,-0.8208072385231354,-0.7253110446854734,0.7709870235351334,0.0
0.8035385006896961,-2.770687209211584,0.2366565352408753,-1.9433654810304484,1.9512781404749,-0.4187827616088032,-0.904901173052114,1.3709595006226791,-0.5017738481907442,-0.5291168896692393,0.0
-2.7612169050159374,-1.0595143375461948,2.51923286533792,0.16824067219772335,-1.8959726246594963,0.05764762352701969,1.9133878800175228,1.7829166930439762,0.8034675165225555,1.216472729096938,1.0
0.7801590126052796,-1.0994019029918258,1.9751218024830968,-2.670535617242141,0.09597832615302722,1.3389632882289968,-1.7759962785208374,-2.1063038676692742,-2.3343606836505955,-1.3534701380509069,0.0
0.09057270657053457,-2.7572153565797315,-1.0178037175446322,-2.01098380677707,0.8714804248514788,-1.3127059113632933,-0.2638658813298178,1.6199839897326531,1.954457603578732,0.31950489856122544,0.0
-0.20522005917706754,2.8224920998041605,-1.0900735228768803,3.611624737408568,-0.1606069443676678,2.0922962750260585,1.1274408466063195,0.14645061782691926,-1.3688741911389992,0.36701717852373417,0.0
-0.5670049612234208,1.5636219842042858,2.0483804803744947,0.916029282660798,-0.6548145874477315,1.908930255123921,0.2368312386262039,-0.2001801696993668,-1.3099997786893904,0.21266135675851028,0.0
0.2003979015319912,-0.2386006706889084,1.459390050883458,0.6819687734888032,3.8006733279383695,2.533367270440665,-3.1363115158468005,-1.7728238810949777,-0.17834077761610673,-0.5753485959318145,1.0
1.33148203800918,-1.9006421033577108,0.7831223462136822,-3.2570703440097613,-0.8094550619419962,-2.6184851468195074,1.730810917349075,1.8821344889479863,-0.12809264636882992,-2.1926932564736417,1.0
1.4610577272322736,-0.8582620904142465,0.07822468136341257,-1.5818921652147642,0.6405409976300799,-0.6342978895350957,-0.3349132736605125,-1.238230751717337,-0.021284923692632164,1.630518298845609,0.0
-1.589957448581608,-1.2870864591314466,1.3117646161110779,-0.3133002942806167,-1.7545672781566448,1.38612395499984,-1.1094494360810758,1.096086356783044,-0.0006409892062836427,-0.7998895667352831,1.0
-0.7963443273594834,2.280495545695144,0.07899552007414408,2.456327867267602,-1.5021896550017126,1.812957314107716,0.7388563320089413,0.5879452945828026,-0.10140499946201101,0.4486954306249296,0.0
3.1269891639996934,-0.23764780753168485,1.1711484913378027,0.9368484169781572,-0.09765934245517817,-2.817024634305523,-2.686988541696092,-2.9041344507522453,1.6802806031496953,0.05861095478357359,0.0
-0.01948733041219268,-0.8168963090737574,1.0842724359873115,-0.08288656554619285,0.09821088965682023,1.7103223491477395,1.0149734066855631,-0.3392960179826593,1.0455856964120287,0.12287583645754208,1.0
-0.319926203009713,0.6545613197901171,-4.54005819051324,-1.7693286899878808,-1.9990008668136567,2.1486139671321527,0.8664119936085678,-0.3145084463215638,-1.259346429829847,1.3005305716622917,0.0
0.5303997222267864,-0.7660254813401972,2.4555580417654745,-1.6320715509156123,-3.8001750415088655,-0.40673626109355215,0.7266939410965622,1.3360909857010923,1.8840177583386448,-1.0680342595632148,1.0
0.8753628909780506,0.4434429754505994,0.573860706644967,0.4228303661515783,-0.5430308098256729,1.7700235983658688,0.7552730448156884,-1.2885622878053864,0.6634831474817428,-0.804891064642497,1.0
-0.1369271745918368,0.2498663136414964,-1.651666416877667,0.17501114678228225,-1.0299885192281355,-3.4999710524668486,-2.0209477770364037,1.4161400392422618,-0.6854887342889341,1.133244609925646,1.0
-2.231832467051539,-0.8672950475477998,-0.9230411922421514,-1.7383681926336996,0.7145339240969169,0.2718454248124379,0.904942096197112,0.5112889845465199,-0.8952862920941318,-0.912052839661644,0.0
-0.93837268183997,-0.1251638731724211,0.5877393354247736,1.2387094250116844,-1.3996599067268751,-0.331765862319905,2.0863883597169357,0.1474731596476168,-0.11591435835929832,0.6220046987363341,1.0
-1.7782751806761508,1.0966660134531316,-0.9881468685266868,1.7162096405622584,1.6054537243425555,0.9910420776362958,4.184129859606454,2.435776979404227,0.5370117633351802,2.429179791348134,0.0
-0.9110676549975204,0.7490368841345185,-0.923738860339783,-1.7532478862732113,-4.688918818914477,2.743078902379968,-1.1253892634793152,-0.5492317501096535,-0.484590058450836,-3.6953282357169295,1.0
0.2913741747095344,-1.2579040453132364,1.1464375139016103,-2.153977845425858,1.976579339161112,1.7240825974922562,-0.48178127399796,-0.1224805809789907,-2.8830834233112976,0.2015832049105976,0.0
-1.6429356534072233,3.582043165282013,-3.456480332358588,0.5230394724671606,1.1095486924088769,2.4384228294438963,-0.5623641238130067,-2.412747775480918,-2.02837258091106,-0.4006515283760105,1.0
-1.22908673600983,-2.068707306396969,-1.4104615673469811,-0.9893137960163324,1.7333704676636188,0.8130525530543231,-0.630283571986145,0.6979332320428785,-1.7262220667048245,-0.5818685302073368,1.0
0.6377440328375724,-0.830370490493414,4.815498765617315,-1.047249124732327,0.6559937673930264,0.7170250149251187,-2.610239419097424,-1.9071949912700497,-1.1812792088689883,-1.7949404240905655,0.0
-5.658502645508528,1.423819249664105,-4.013061666571597,-1.0027031725301243,-0.934475634000266,2.1156591599316386,1.3777717648233536,-0.3755096596710271,-3.462478091142096,-0.6216482048284764,1.0
-0.6690791164870693,-3.1155158867657136,2.3950952429684382,-1.0976160764322829,-1.0725865899998956,1.8814915970130648,-0.02898190527192852,1.3301318189426203,-1.4763056379550883,-3.687103996054101,1.0
0.4332817636297754,1.639845822513299,-3.1559745453795025,-0.8946146554114924,3.6482510169867854,1.2077000983422823,-1.6862332541880227,-2.561529050515289,-1.3343437321544722,-0.5708459783247932,1.0
1.8763204111864569,0.8831962386152754,-4.595353424037821,1.8349719293302655,-1.2731042027405968,0.8221952934333046,4.710353642591334,-0.08064290350208354,2.4745529631464835,5.024473956435824,1.0
1.4762289883479534,-3.9702325005654298,4.450556045002763,2.0917692014110085,-2.457098815282696,-2.0743011221429466,2.1310274718799183,3.6349982329431456,0.6353805212827476,0.028917946438481657,1.0
0.14712413022454696,-0.063897083422924,1.031902805879638,3.38205746704004,3.061116947349107,-0.10758248558201798,1.5395805208878115,3.872035337729144,1.0952691811559967,2.0628741848008394,0.0
-0.34067557120836084,0.7867666978297106,0.8079721130871313,2.5437873732632403,0.6114099123435167,0.9885649269537126,-1.5800810449448195,-0.6401811436285779,-0.4836314749574816,0.4921039253037875,1.0
-0.4019738716829888,-0.533088429739504,1.4454367588375567,-1.9184751020811508,0.13964947313607018,-0.9628081701935408,1.3741576780954927,-1.866515291097446,-0.0091982544569356,0.9121673683417452,0.0
-2.2985213115304344,1.0624989191780332,-3.1594335395267827,-2.2250780248340187,-2.273631425814024,2.9779505333830287,3.0173445049858887,-0.3564635036017237,-0.634142307426596,0.7947272367129921,0.0
-0.9073318291549928,0.9507639775467908,-2.2947006808422605,3.8159063129309407,-1.4450190157806388,1.426465346835296,-0.14991928966785073,3.9174063922150286,3.0477330737779518,1.0181947376491796,0.0
-0.9681941361891292,0.5738095351182106,-0.7769093696473459,2.0135720744489776,-2.8585733245225704,2.4977517764317563,0.8404514038260384,-0.7456887101081234,-0.1565971958741637,0.07398181778989454,1.0
0.8347940722888306,1.9953819101941508,-2.7161050355256515,-0.3397589410288649,-2.1798204429295893,-3.5477220440563526,1.6732746973882764,0.039908108082708636,0.8954061067318682,2.079679666653056,1.0
-0.1517654805624407,-0.23338497041313264,0.3246797922022282,-0.9524240417180546,0.06717327075315876,-3.7142623173572704,0.3851828854421197,1.75144902762111,-1.2119624830459574,-0.4328472543812086,1.0
0.1917575677261145,1.791397767911189,-1.248268175063744,-0.8300930961514301,-1.4367845236599388,0.7950571854489774,0.031738640632330284,-0.4910070860126585,1.191116786766056,0.4894207152414768,1.0
3.1252579774931424,-1.701611742238239,-1.7662228215624975,0.1147710065775226,2.1263550958554,-0.6148607193328866,-0.4015996063598268,1.012708864316759,-0.3122379049332723,1.2019203480457237,0.0
-0.12203522634221965,2.4234052681008325,-2.633715994212664,1.4184110964289307,2.714945969189456,-0.6382888452825797,-2.37571140501888,-1.3893006220051631,-1.3923325359013534,1.3308685938243827,1.0
-0.575476119515922,1.4737918541953283,-2.1272195162243657,-0.8873283262745106,0.3627056477566831,0.11419725234860065,-1.0653463303192363,-0.4365818905219622,-0.12034537169974985,0.6702083435487085,1.0
1.3577422197964926,-1.9181707385903664,0.719546925800886,-3.5173804364333234,0.4578696450747333,0.6652452496690417,-0.4792830478420717,-0.2532207820506473,-0.10307957896363956,-3.6244484826089183,1.0
1.8668267964253809,-1.4886182723515575,-1.6182506565870254,-2.6549415487310686,-0.26507040784061525,1.4333173708627218,-2.4179771209033154,-0.19518074621700948,-2.3665450592583266,-1.0724129617000375,0.0
4.883825790459817,-1.2936023729476864,1.1670454678514168,-0.6632288725771274,1.5076029390207424,-2.137579370371008,-1.5443403855929227,-2.8218601082507715,0.233989483846344,1.206863273502938,0.0
1.2048147008555394,0.4813536931645869,-0.4932789409179863,1.4383145264288897,0.21536245002118665,1.5099633969628712,1.022232647291155,-1.304751395787756,0.3787207651125722,0.3408453274454698,1.0
1.7501797492323428,0.7167613472129417,-3.0630368381335087,0.9005978135990022,-0.8657047859563259,0.967681079038457,-0.413897467700942,-0.5303448970451436,0.31762070112200297,1.097739995359301,0.0
-1.4325409242808995,2.715877002311771,-5.727471403269035,2.1803805631955666,1.860947003276028,3.065756519242227,0.6586038920921377,-2.667792693677941,-2.4596191222310453,1.289511090770696,1.0
-0.024241115834586,0.11812767626004607,-0.19209866646095952,-1.5507104421882347,-0.8699786201378734,1.2236144127610613,0.6816954507733713,-0.9915809546936296,-0.09731104675425156,0.1821477255902901,0.0
-3.0947143924775693,-2.1395951248370406,-1.5334654383199149,2.7789426481497617,0.23353213943213824,1.2993254564618224,1.754327938685971,1.7606794437293949,-3.4585387027457437,0.8594936610175272,1.0
-1.9712883056381427,-1.4194553042347742,0.5626786612539731,-2.311296980999156,-1.0386624502112969,1.3153206781082325,-0.3059161535052892,1.5664395165876357,1.439533394286364,-0.11914276555380322,0.0
0.9989666813107873,-1.0332407860830992,1.409902127220244,-0.4821474228662834,0.4996061631337253,-1.2587117026062913,-0.29679920379890873,0.3584924897485443,0.6181390807614681,1.2560411454014744,0.0
1.5257281155512228,-2.094158009292334,-0.582745985170011,-1.8583376175081447,-0.19549606174682915,-0.2131137907201313,-3.2043913764086964,-0.6922841494608833,0.4691329989282408,-1.479199879722637,0.0
0.3382356154478924,0.2165028566470286,5.577139927486623,2.02951852198498,1.5098160233110722,0.6547106556642152,-3.5686255295567286,-0.9597475978844568,0.6909299311073376,-1.3161784430996244,1.0
-2.3383897458796525,1.3533585452492556,-0.2111125088826362,3.9161166727118335,2.1987157584826407,1.7584015077629276,3.900925690419245,4.3664519515422215,3.0382217797104394,1.1675435698482135,0.0
2.1205154516104745,-1.930611017925817,-1.7959636891672617,-0.4416637728992121,1.63127959452685,0.35149311263113275,3.2067172393187655,-0.341654967067304,-0.8043927268395965,-0.7932322663668517,1.0
0.04367004902316229,1.560561457074643,-1.0636145979943108,-1.0348865087643728,3.1245898916045562,-0.8459525525146566,-2.2775401927203665,-1.3638091008818047,-0.9637362488514049,-0.43107633162876463,1.0
0.7885781555206836,0.6269782243432804,-0.3879075195886595,0.3931748466569181,-1.2268067203575042,-0.13372262814107838,0.5623418017762026,-1.1191247630994887,1.5780858143312415,1.621333713737399,0.0
-0.2105054540304635,0.277546671127235,-1.1197109238113407,-1.0800745828471732,1.4697718731935714,-1.17197343684276,-0.7016747258817274,-0.3421686264965092,-0.007880689852628594,0.4531440550251789,1.0
2.190530809461725,-1.1926579720677182,-1.7457016148477793,1.2524164281207588,3.0617120738158388,1.6339043932177773,1.7304873544509118,-0.6580133631424369,-0.6212021896638386,0.4698084777319858,1.0
-2.30369085811198,1.1384675467793006,-1.9237538534125216,0.1297045661095142,0.1244611521738475,-0.18707076123083444,4.0405925635884445,0.22486301124244198,-0.1451357717775683,0.8047707433051255,0.0
1.1282910609598964,1.3283149672222612,0.8419012189908708,-3.5826663754930888,-0.8485648162694551,-2.068284354228328,-1.2434035896987758,0.25173217508370155,0.6581835939601357,-2.2340900342115546,1.0
-3.315594299742752,1.4621792452699631,-4.242864036193176,0.7979617088963322,-0.03003313397250097,2.9106479324443977,3.161248577150643,2.652250262879594,-1.7628958075700134,0.7012034836662112,0.0
1.789559036156918,2.0858882665854432,-2.735987874207142,-0.18306710517859395,-4.426289853558832,0.2434389364999901,-2.0292943888543182,-4.050195563981863,-1.0287460817854297,-0.8173107046206057,0.0
1.8382560537668928,-1.825173098703016,1.986684267004134,-1.854544498342637,2.898690350921292,-0.20547668080202047,0.06723416921354743,0.06882258820187462,-3.172982369196553,0.631306211724105,0.0
0.2025843982032514,0.2483232971656765,0.4955997388655757,-3.2816393344008064,0.05107236495618473,0.4144271834373303,-1.0270684617822299,-0.9631727558437784,0.15334874847721292,-2.764569238968836,1.0
-0.17396497740885122,-0.7473646432560461,3.0136458296247257,-0.5095354170737657,1.2905509358060403,0.8484103555271054,-0.08487190419425025,0.12131638479980054,-1.4264906743263888,-0.13623064326077716,0.0
-0.6686215914237124,-0.34283037832959123,1.0035941843531455,0.5640609962311262,1.309049002481906,0.5838288656957099,0.6954284144803393,2.1377371671748184,-0.93401833217727,-0.6665956470044679,0.0
0.9864458980918924,-1.2210580319216944,0.056208099893714,-0.8702545387317544,0.8845141036815121,-1.9162682018509376,1.8643376648585848,1.3924377688941592,-1.050923423183284,-0.9693095560235098,1.0
-1.2319745546162573,0.842927891350366,1.4339545622454009,2.477892895964615,-0.434506385801621,1.5355553440178993,-1.4493970077466778,-0.2224163357056835,-0.8514907043723603,-0.1637307380165125,1.0
0.8882432415450109,-1.1144934316327983,-2.6730278795639664,-1.1131273274558104,-0.43698968625777024,-2.7360541704996257,0.7373698949189349,-0.13869776676539136,0.1331898525019343,0.929779093828923,0.0
2.093651585735976,0.3756588154359117,0.21480756786997665,1.1697338795169958,0.17942843901117808,3.2897643103435086,-1.9575335210110003,0.07717777513218406,-1.7064873652799244,0.13186513500963584,0.0
4.322800517890832,-1.6268527136848634,-0.8591622684547057,-1.9202547935802032,-1.4438353112380364,-2.98498749883396,-2.7778292746231337,-2.232958753857317,0.8409545678137585,1.7107457191338382,0.0
0.6683327480888483,-2.7092945454354607,-3.139020309568474,-3.5776053028080783,-0.8245261814355459,0.21630897952685127,-1.3176539730369763,0.6708721879540049,1.0560951585249767,-0.3308710267474241,0.0
0.2046676236633226,1.1498192078277647,0.09437660596255736,-1.1787626606369643,3.4300819447737085,0.5293276328316618,-1.40445651997293,-1.60196785939556,-1.7314583289211924,-2.517318418795816,1.0
2.7330938161984752,-3.576597279845542,3.4175171111154685,-3.993632883898541,2.8919593744664196,0.03244969344263527,-4.761200009052332,-1.4949339955095522,-2.58204344374978,-1.1564140359307375,0.0
-0.10637641375300096,-3.7967891389451593,0.5399660747016819,-0.2072294805666453,1.4659517785742897,2.076247536903416,2.419784377519188,0.8482709598678889,-1.108774449154585,-1.1366912604847137,1.0
0.0009621933771251004,-0.35241400866313755,4.267456466028253,0.6222453134468818,1.1114763617718004,3.4076980269713726,-3.374000463895132,-0.2008041228036579,-1.1976855953249694,-3.1693213004584577,0.0
0.6681547722356936,-0.8822328147589749,0.5870454218301115,-0.6723729550506149,-1.5945177648187427,-0.8597897607414013,-0.3010021223162436,0.6003428978388701,1.121315862414995,-0.11700927530805302,1.0
-3.219743948106269,-0.8683066344222241,-2.3031525243510917,-1.6592485858978103,0.12920427766397533,1.1484572889158986,1.8563007876584143,2.9143273904372258,0.6866084320296995,0.3106942336353056,0.0
-2.52645091813009,2.5623236219301435,1.118827152971487,5.423364867371564,1.0898845694989616,1.9476949293524608,2.743158721986425,4.033322023178775,1.6396822334065335,1.3269468076830586,0.0
-2.0442955158193263,-1.6405229376805246,1.7138218963675107,-2.538229750270061,-1.1178675202610655,-0.0874326280738736,-1.9169729408639529,1.4500498765441932,-1.7811965314867044,-3.5691470962361733,1.0
1.7091660338784769,-2.351224961745084,1.7247026625334696,-1.0631270987497372,0.2872286478465493,-1.4815131778270234,-0.7517435217258509,1.5352149700056428,0.5249950555317635,-0.924445727030714,1.0
-3.977336222292657,0.8034499951097981,3.611263018153456,-0.09317535901072184,1.4278859904730368,4.4194613588186815,1.4069767736757468,2.193858367397715,-2.968023281727089,-2.0435226473581256,0.0
1.81804693874342,-0.38830167288602746,-1.5335996600207,0.2843457947631329,2.3455138637047392,0.757746263365281,0.6010060410155967,-1.0469424035974615,0.007464360287014439,0.579835525301188,1.0
1.3457238577189194,0.3366274743684997,3.9580709663835134,-0.12542107365944238,1.4415607307738096,-0.5309924892425453,-1.8957811735224304,-3.828399318741268,-2.1229243639820354,-2.7949690345841156,0.0
0.8782175864147643,-0.001807884422996295,-2.422238049621785,0.6294615962548183,-3.030081345191161,-1.5560213451880551,1.3415752357449595,1.392512206049242,-0.16699451665305687,0.8883527380163914,1.0
-1.9500036294692409,-3.136435725490672,2.097587657697201,-2.550732954977659,2.925859958719097,-1.1276733720175407,0.14277768420701714,1.2876364849130957,0.7312378905825778,-0.3854494310079404,0.0
-0.3732922159085289,-0.4799822785362481,3.079466690102097,-1.4194360716009873,-2.3362552138774144,-1.9041147867144068,1.1778161118559467,1.2044901904916947,2.2536739992424737,0.4592635642199607,1.0
0.692390719109522,-1.240870953003755,2.432282957913567,-0.7831390391621366,0.7110411633542871,0.997553220778667,-1.6588638387054282,0.4961146420255881,-0.003843256951766557,-1.3090694552701314,0.0
2.502536346342334,-0.08491274362869408,0.6614533923176852,3.2661576838433737,2.2295552504365035,0.5829925131744328,-1.5314410931989535,-0.9902391789697602,0.7891783283431562,1.7495382125709131,1.0
-1.1862130812092295,-0.9453457449558436,-1.5876163372648118,-1.998258069509634,-2.3302776208882374,2.1255351305879246,1.2181759067224922,0.3987818512245139,-0.19625425557827247,-1.2701533185679152,1.0
-0.7911098633981503,0.5809954063890365,0.19721660998192134,-3.9931833885836334,1.836123727195213,-1.4363220464001891,-3.367772825351908,-1.0629730996087807,-2.1300652304041816,-4.40098998503886,1.0
0.6926177161790473,0.4763584850036832,0.2749722223199417,2.6602501151635094,-1.1523787665036411,0.9448137401013595,0.027654604832908453,0.1548026986989034,0.8660544561523014,1.7452246047612827,1.0
-1.5258536574885917,1.4058855911745691,-0.5234106693895852,0.324434662595584,-0.2118392360824711,0.3230624114367837,1.7599272347135628,-0.968558329941805,1.3493993258183774,2.4866090426272818,1.0
2.6787797003403018,-0.3224045999213607,1.876517029363013,-0.0494077592374874,0.912410092786832,-2.0149580806522702,-0.3356023814460951,-1.3684671967234276,-0.08784127488515113,2.3323789469373564,0.0
1.950829302068774,-2.1792328651450017,1.0581114963477087,-1.3721965897927142,-2.0484093713052403,-1.13642361542886,2.549975684798088,1.5045658565144866,1.1823880494783447,-0.8967913340751255,1.0
-1.4307399392715694,-0.803004306419824,1.0618332981612244,-2.3676189311306373,1.9331268879293009,3.9773912407365226,-1.3338183656990004,-0.397749579069289,-4.58267246852129,-2.5538707266585474,0.0
-4.027618925258685,0.7270611999081797,3.4739334139396365,0.16348146658028972,3.882209783676232,5.321498216707061,3.292800345723592,2.7946237603409227,-3.518434029396457,-0.26253751958690114,0.0
1.4721373408328973,2.8498442687569483,-3.815328325613341,-0.6559703079526048,1.6753566707663865,-1.1253192775249383,-1.1476257102876462,-2.7780327647096943,0.10957101395213753,0.7188289494797524,1.0
-3.5252018528138844,-0.19993606328790176,0.009659993553248638,1.4714067422744277,0.33441784719027656,2.006125906306955,0.8491242350591743,5.20215848041857,1.431665098797479,0.8425066083077642,0.0
-0.4523588009731084,-1.9961401809597628,-1.4515300326466607,0.9268481150368456,-3.4480810636029573,3.514931556103825,4.2285609048123405,0.8459976185707556,0.8927397574963297,1.3182035133322294,1.0
-0.7488776480214796,5.215250041706361,-2.918885991511824,0.5840482896895508,4.52797459808671,-0.5281835120781219,-3.9413844953397055,-3.9858467358255,-1.6698180407566696,0.3374235077036366,1.0
1.375454005465382,-0.466986482504955,0.09295522286951648,0.2985844714986305,0.6055827350830696,-1.881816620073496,-0.18210325861685234,-0.9336553646044232,1.2427606123362305,0.4761213551050354,0.0
0.9516374398684884,-2.0916423793681886,1.628461058328056,-0.3303941344039408,2.374574906218795,-0.6135997148461994,0.05913532588553791,0.7788491761249741,-0.255803098959758,-0.4086989791565985,1.0
-0.6928434654066719,2.57312203798082,2.1455190621476685,-2.651131885220373,-5.287496245332799,-2.706935821121744,-0.2517801405191086,0.3190138028028785,2.006485681487963,-1.4859202504709743,1.0
0.7374517359405971,0.4243710696009591,1.0383368797043968,-2.867317481569928,-1.606749594319392,3.331231844223032,-1.5859606722939084,-2.4113244015084563,-5.1396146929504285,-1.1541452255525448,0.0
1.8984062068256573,-1.1399953404338306,-1.4494253772294914,-0.4833100139511199,1.0098885790113092,-2.7440472017947646,0.9947773732818492,0.4733985463079817,0.7536050528139011,2.6330350745292503,0.0
2.073372810314808,-2.158143768066059,2.726652563531576,-1.7600837713969644,0.20577936148656287,-1.3517660316641271,-2.974577860483456,-0.7700870652688167,0.9158616443504088,0.7352790549857701,0.0
-1.135980582807844,0.2543252400985163,-0.14986059823612116,1.2094478758940066,0.630356560162848,-1.3796177273571426,0.6924105869316955,0.7026983322972283,-2.2307305824216934,-0.23614522609420005,1.0
-0.027402211827971267,-2.0624685982248114,2.977684735544847,1.0258765828904424,-1.7602580553989606,-0.4903529180243274,-0.340689562185128,1.8631740665688603,-0.6569609562165588,-1.4012897998788911,1.0
-1.9745314561495881,2.1128943006043084,0.4545011280995437,0.3758556194891152,-0.08081881140045531,-1.6063205918570047,-1.5118140440768255,-0.07058041815066254,-0.7306976607046963,0.4544251516159621,1.0
0.3476449038741645,-3.642133527692609,1.4951532032734298,-1.690845487059583,3.41680870602407,-0.4223881086846912,0.10876900661805244,3.958511280931001,0.0446182323193396,0.6176606796308417,0.0
-0.13720786179959185,0.8695415863136164,-1.1893933750539447,-1.169242541638421,-2.5835816708072867,-3.1004853010588915,2.340845273311789,-2.3472304538943547,3.7057767692268055,3.486632446105702,0.0
-1.1952265686666002,0.8527451187129081,0.4115601529904592,0.1670478302708026,-3.448332896704031,0.2203411996651412,-0.1036950052628688,0.013405739871075193,-0.7092200766490186,-1.8411080663630823,1.0
-2.258098686502576,0.9385370369724818,-0.2735304412030921,1.5445096544423995,1.3709661661100856,0.6346524112071305,2.9732358041384828,2.725544645115653,-0.8676728244374367,-0.07098245044705001,0.0
-1.3407167205051185,-0.17683317106186972,1.1656686748631249,1.3148392596099647,1.1382021539810971,2.388415996064755,0.1525483314376955,3.4616998579709657,0.5612991525390041,-0.6505036976345844,0.0
4.567939576299454,-1.0638161870070049,-1.3829496216407249,-1.8973395110778315,4.081917995140182,1.0814887879207833,-1.3669396392643292,-1.907838134782741,0.05819707264519443,-2.332251210599724,1.0
-2.9509067877396284,0.06769334187075987,-0.8883532102803225,-0.952810902435398,-0.8410328492884237,3.1441270037115703,-0.266070259758216,1.6430873502254562,-0.9280613731942096,-2.4583706675852053,0.0
-1.6288002963441437,-0.08988966074870221,-1.4143755583407533,3.214309109799346,0.27375492737166124,1.3472496439103252,4.04475590495082,0.2759906889674613,-0.5692389852847497,3.1651798897880465,1.0
-3.551690844242344,2.7731358369456154,-0.791058767391897,3.1889005469742457,-0.2395079807311197,1.998975608685424,2.5491785988227527,2.19169671762811,1.0703000622256476,-1.1417028119755772,0.0
0.2431456005468876,1.0264899971043522,0.7591208206827574,-1.7547199895696006,1.060491823361207,1.0752116248813286,-1.3490250647052695,-1.814454801933558,0.3414992839080068,-1.8892954845302543,1.0
3.6934911518448015,-1.2006866029282257,-0.8200402836391628,-1.6056448178816318,0.4591515849228179,-1.5664471992984272,-0.5314356045652072,-2.0258509652063927,-1.1369680213262352,1.7735045803686738,0.0
1.477564221286318,2.999699062664308,0.032280717889549324,1.9549309735719933,-1.4300811392987591,-0.16531104130272326,0.99255519599899,-2.9758406069511563,-2.1303724082130437,1.042561823062946,0.0
-2.080231634079169,1.8232956904011048,0.6512094121451387,-0.3022442796116724,-2.639669875337668,1.379873143165781,-0.2917982826703726,-2.105075640867732,-1.9762369485650684,-1.3861800240939266,0.0
-1.2621005240812633,-1.1852080862052008,0.29350198233616753,-0.6881738053445359,0.14327148375995927,1.8460201923284576,-0.98949401467362,2.7228963383766107,-0.3689198769638709,-1.2228597797734206,0.0
1.8356708748424653,-1.542646184592673,2.1826462030246088,-0.0668354696718676,1.9886003895948017,-0.2136614346339092,-2.2620396649197905,-0.1965813072267216,-0.1775311786814711,-1.0667782447739722,0.0
-0.9857439088603248,-0.19592219258822072,-0.935671420715404,-0.9069788223241116,-0.9093477420876244,0.505979851122685,0.9045532657788152,0.5618350686794501,-0.1848725039442979,1.0223232478381077,0.0
0.6859135529433866,-1.4376509313770562,-2.5188364024779006,-0.8445655379014521,0.9735922952288484,1.8214783379702653,0.2896403053567678,-1.418306182545198,-0.9881087275999522,-1.2649848140244997,1.0
1.1156446893475709,-1.2547955357142626,1.0200695328620395,0.5158355018756537,-3.031878923947248,0.09367145207654216,2.4488327867316064,1.5835360515785804,1.05670663697602,0.3033837854426311,1.0
1.826344176385848,-1.2345735741267254,0.1838093162300827,-1.9098876810685608,-0.01614052884922835,-0.880020052493335,-0.2634550903698676,-0.8463484814833234,0.5424756689217087,1.0774330171561983,0.0
1.3798611635866065,-0.8877143481740079,-3.185094327331864,0.3126482084056261,1.7944480490863908,2.552178314353966,1.74088507006657,-0.5460935919754474,0.16328896424366154,1.3740245997314815,1.0
-1.329472859112918,-1.868299538406012,1.2233862982994723,-3.0220929088388355,2.7654508975200423,-0.09973218468667902,1.9912301667250885,0.6338033079932166,-2.560551670169372,1.074178285334806,0.0
-0.8894488208238513,-0.7988558315633623,2.6871041389125687,-0.5500559631259216,1.2807106872134262,5.767581926344705,-1.4215399097543835,-2.033151629952497,0.4162230847558192,-2.6263782632446544,1.0
0.7095758811367421,1.1522113346291007,0.02879663068152681,0.7267035147699707,-1.3424937392463363,1.4919779099145285,-2.0771204584020606,-1.0116329841884009,-1.1991465830636363,-1.0469948422880786,0.0
-0.8225123708495073,1.6636499975560597,-2.2704748816949505,2.8501394042792443,-1.6872748521180865,-0.3346060841414505,-0.8606508455068747,0.9059442493685534,-1.1747739874215533,1.878686851477972,1.0
0.8634374695380942,-0.7803665328980188,1.1190486358703362,-1.321957268777906,0.07509783067080128,-0.6639925764950564,-1.144605971196268,0.21174204081055625,-0.31814151427045945,-2.034508736993998,1.0
-0.8600094409881943,-2.1015949233595514,-1.7315015987600932,-0.040926439269037385,2.603631245412584,3.068087380949976,-0.3654446758598809,-0.059326837893246935,-1.3619934661603137,-0.014676333229032845,1.0
0.2631181714318149,2.1215963869387964,-0.1364577488484882,-0.9808142288163362,0.9310779151752856,0.3802605783344337,-1.769386077821345,-1.4148326207610524,0.2855928943620697,-0.786128521450139,1.0
2.908414613545645,1.6343841892229387,-0.8922657636325468,1.9373297315085247,-0.7368419296754317,-0.6401815588359231,-0.21296629271699907,-2.3262532447731603,-0.445857187434408,0.9031187823463682,0.0
-1.960666312914916,1.3075569059878185,1.0298975286353362,4.188869847369471,1.424963730973274,0.9247707828392092,1.848098263288824,3.430000257125957,2.07760378156241,0.1665532434695257,0.0
-2.582047587188321,2.5312026980892983,-1.6762486929244167,3.0126878404165214,-0.2058359274703649,2.0470316863778497,4.903896465233363,3.1653720069935876,0.6898385197882491,3.4402079564461805,0.0
0.4243240452888489,0.08946974091056663,-1.3230321858237395,1.5595650466127564,0.3581221196210236,-2.0459483399162983,0.7567526796312727,1.0622732064280127,2.9429443796168355,1.172951807065459,0.0
0.47952490288191,-0.6738576998949295,1.476089860539374,-0.6472258666985164,-2.604950761772506,-0.7711092130707201,-0.3164548816706921,1.0472021065705968,0.12496690620086864,-1.733252310159922,1.0
1.00043324948248,-1.6552286450803173,-0.4417623214928605,-2.3173844507579573,-0.8435201799077574,-0.0016104025438364224,-1.9576759446439853,-1.2451836521256454,-0.1261374334365512,-1.1654399144936027,0.0
3.687771216015864,0.36853938610778897,-1.8953524443190404,-8.422334829035371,-2.2953933797447106,-1.7717649282355792,-1.008202844026928,-0.8046926242933357,1.9514271859401042,-5.024837397716532,1.0
-2.6361745626332764,1.0870538765028748,0.4089973817532311,3.4638070633216533,-0.21960188102921094,-0.9924657364407998,0.9372588868653182,2.234963742018578,3.8339287430116458,-0.9929171686716328,0.0
-1.780014677334958,6.466921846581973,-5.281508634441681,-0.7504011082452116,4.344606014296214,-1.1769785952972611,-4.256021148492263,-4.463343129073468,-1.2957565512567113,1.7934481282999484,1.0
1.563851059926002,1.721928297432248,-1.7121318449002867,1.181726402467579,-1.0663124155760062,3.9689783054018815,1.5141524517229112,-1.4675915895430278,2.6643070588811115,2.3376143129215,1.0
-1.427603301591786,3.1767623592319207,-0.2365015040528984,-1.4752841037567568,-0.6154180517976215,-4.103053404315641,0.9299461827238032,-0.15997442355257266,-0.3725754032285306,0.3360684330807004,1.0
0.9056872921604062,-0.8050841278620134,-0.07323724344939422,-0.6317746000900385,1.7500811401058278,0.7306214074099162,-1.303428119244726,-0.5047113604139356,-0.3960998415763308,-0.941829674261333,1.0
-2.8896055307515045,1.8496490191815649,-3.690383720491469,2.374553878090188,2.1942658321089468,5.210249024160817,0.1195050610359693,-3.2004014274584707,-2.2546923043022766,0.7136646842617992,1.0
3.977753593821928,-3.273209886265404,3.6211774890662163,-4.432739860553171,0.5529460702018814,-0.32408696837659445,-4.249129494232103,-3.0250593449097325,-1.519585695959104,-0.3697915621375927,0.0
-1.3889138580878402,-1.8004224047037949,-0.5380366245257701,-3.680347095350143,1.2889897546207558,3.778470492234896,-0.5242009466704737,0.5782373661291526,-5.024612844024751,-1.8291827420383748,0.0
-0.5833436598606152,0.3731057626276753,-2.012513046578716,1.3377857785937821,0.4908243628323764,1.001175800742142,1.2774946801703768,-0.03277461443827464,-2.7913506460623045,-1.0379853691119831,1.0
2.417551723210176,-0.3165442505566439,-1.6196810023359782,-1.3603647093672415,2.608770219230608,-0.026385856941235342,1.4348792509653667,-1.907998246097904,-1.2130280176121828,-2.3442254430347726,1.0
-0.23730112300602305,0.9490243827268926,4.652675388414859,0.5321363989373566,-1.1176735277562215,-0.2103094458226395,-2.76041878926089,0.399266393922832,1.5801045362225437,-0.5856893613956529,1.0
-0.8859105443626877,1.8979705594677785,-2.139511031533957,0.30293506587938424,0.6103138908287444,1.0388714383928033,-2.0631293488704605,-1.9355748608708263,-1.208089772743724,-0.330036301399241,1.0
1.0236481904957118,0.4350868922309863,0.5202818528418589,1.991360646634426,-0.1721047846383338,0.7323255224460462,-1.6156800951064667,0.11349464185211802,0.9918518032181186,0.051976275459144634,0.0
-1.5088684232845393,2.0067959059537106,0.8235667866178216,2.3002675790565927,3.011071136681404,-0.33901219598046584,-1.5077436404014513,-1.1855442290429723,-0.9854302201962274,1.4997953688086476,1.0
-0.05759432148804172,0.8078439792228727,1.1658412327701269,2.090800144271777,1.571194252253466,1.7506685200498402,0.213023454312288,0.898825805937663,-1.2532381729597697,-0.4173773821715392,0.0
-0.4020239113480795,-1.062253036733747,-1.0166160162695463,-1.2730209668401753,-2.539718927501277,-1.2084315700436523,-1.8783892244236748,0.2976941433017081,4.116896545481917,-1.4314666277843786,0.0
-1.1815253838549655,-0.9499204132604496,3.3528185994495385,1.7683142598706227,0.9341080081300844,0.6952264690084058,-1.1521357164305148,1.1745214567624258,-0.25358499856746164,0.3080403569790803,1.0
1.1904262576610432,0.928440725873714,-1.66634301838991,0.16236421184226124,0.806377984568093,-2.283456674443759,0.10506639299751952,-0.3455137807400113,0.3631018951871308,1.5914305128756927,1.0
1.3846161700249529,1.675912424819946,0.08425123644445053,3.139221687368937,-0.6721612094714363,-1.6902032627921049,-0.4969862431659409,-1.1736458552022315,1.8493188176600908,-0.1789612995095584,0.0
-2.4633296972695704,1.3576034898603686,-0.02553560272723237,1.4786632105970592,-0.4680339115979011,3.660495699707936,1.018930837872447,2.453861101154056,-0.3423285442354642,-0.7326403029822317,0.0
-1.6319527188898857,0.4014015347006096,-2.3991041280391854,-1.498280648865319,-0.7310175585325323,-0.05169588762372456,0.7940540476128402,0.945903371617565,-0.6820597956987192,0.6035758407206177,1.0
-1.4516239593439058,-0.6858354822564788,1.593551133040744,1.0199561559398016,1.6588264797700774,-1.372136466292602,0.6385080679279485,0.9357123811483726,0.5127445794477522,0.4640316107602372,0.0
-1.3717759153656723,0.3336748560710979,-2.4341177945283943,-0.6390979057256808,0.8089071454054825,3.0567213466914303,-0.4076246570013359,-1.2222906799428837,-1.7992728104686952,-1.3601280599539822,1.0
-5.057108777572603,-1.4258473537874985,-0.7478312774404534,-2.7727844171898983,1.6232404009519033,4.321176080518489,1.2101541140299816,2.826521526785786,-3.7343337011456734,-3.057822696154481,0.0
1.169020636903647,-1.2156088518059875,0.19231030352135128,-0.4958475435172589,-1.6858886622710132,-0.3599708347285308,0.061519959543113525,1.4483760335899043,0.6939937731693742,-0.25779633283071696,1.0
1.398496066848829,-1.411357536145022,-0.6414143031828916,2.2897682515698734,1.7472756954085449,1.1821642020127408,1.196840114341587,0.016064823776354216,-0.8193359013637082,0.6463483015823763,1.0
1.6579380874412206,-2.3005510886769525,3.7161448139738975,1.0782696734262711,4.5130953288355045,-1.8092271040144432,-0.4858157893767784,2.012272446175451,-0.09533823006927077,-0.7278481331295749,0.0
2.2382052256631377,1.4790481123648591,-0.8925833631136323,0.9946143676543564,-0.6195274629140948,-0.80397945883855,2.0858735138687807,-1.4909707486406534,-0.8628310124095384,3.9433781734593993,0.0
2.9392519369462327,-3.60892748392673,-2.4751968912658047,1.2082986722421276,-0.4453120886867111,0.7028600606606284,4.0744483991426845,1.1991884332468927,0.016544043824991483,1.037653264119658,1.0
-2.815446380572467,3.483207367831995,-2.3106730095837458,2.5257633939272446,-2.8331430991258086,1.4852383771909186,2.5801305225150126,0.7803857438605779,0.6845007370293389,0.8117907827357788,0.0
-0.6164381254320773,0.1344186404134291,0.3476459768177467,-2.7089877323490046,-0.8137903697502158,-2.910202031196992,-0.31853744280576163,1.6974004355725902,-0.5572880460546658,-1.1127454547693565,1.0
-0.7060725057018584,-0.16800692403688844,0.4792723198788287,-1.5543879986318825,-1.2849055918146899,-0.7362334991300639,-0.32789294242165684,-1.8284647184519067,0.8105317456470948,-0.8497731694817998,0.0
1.1537888383478536,-1.4091576602193558,1.4934593606757698,-3.88015312917196,-2.3923214013175698,-2.1112545537098204,1.035251634556522,0.8346296865371706,-0.6016074578702624,-4.839991177796176,1.0
0.006526475669559832,-1.681963208630838,3.5348699213819845,-0.02780708500678201,-1.9167328121078813,0.6025451772086161,1.1586131465819498,1.5755567498596017,1.2987978499348056,-0.5018700681849527,1.0
0.35888632917827273,3.3863370519335128,-0.9324363224282542,-3.1924313399746755,-1.0480767466258187,-2.282145662991004,-1.4238215786768709,-1.284836195728523,0.5892013449084337,-1.4604870793562004,1.0
-3.1691674558307743,0.3905677375178221,1.5594730131655572,-0.3593909846657563,1.849641661089664,4.738457384806182,1.6643459192907155,2.196905366252248,-3.5356582123818527,-1.2329555860118109,0.0
0.18809179046097105,0.05047802427988701,-0.9533767465113424,-1.936017518688249,-3.9061273155465734,2.1354348884747574,1.7537270987824325,0.11862994156410807,1.4969461769754373,-0.926188124805694,1.0
-1.0790313996509608,0.5037772186762771,0.11855175556030538,1.023023910342035,1.4428316528604352,2.1983166384089907,1.0518399949528348,-1.3592454712092734,0.4475821314390246,1.2470270972003183,1.0
2.7017808057785104,1.7348405216324816,-1.9970499995624995,-3.0795646299229222,2.2120564319799447,-2.028509451901879,-0.9053304524825804,-1.0434400863575668,0.5521657399286509,-0.9339731710341804,1.0
-0.5261155577391436,1.2420516774113353,-3.2023153535235167,0.2919203671800922,2.7360892595827844,1.679992142335328,0.2704684910585252,-1.4679466281154847,0.8363536775601627,3.266812947762836,1.0
-0.6320971295698276,1.0562882824561384,2.9932033074271818,-0.9144053700716864,2.4240847597709214,-1.3560228188820649,-4.869229498558578,-1.0595136022166876,-1.2331776010645694,-2.9746907371085025,1.0
3.9522987095021342,-0.7369439305991533,-0.43106427163678096,0.2100969219928729,-0.04020315272207526,-1.1782619961889853,-1.22662335068592,-0.8900779566485467,0.6160156909886825,1.5805590216883512,0.0
-1.912795690730924,0.2919847336544174,-2.468321926667141,1.824314505177547,0.7609485425113724,1.7633185204876305,0.5796984658269444,-0.2306876490642,-2.5604586430390017,0.44174376534151055,1.0
-0.8297386037619185,0.9163018737021934,4.9773015428906815,-2.7668946091721485,0.0023557803209950288,3.430265541429513,-2.11962105093544,-5.07949630113418,-4.44347952481891,-1.942182473966632,0.0
-1.7723212718720618,0.4078618769398184,-1.5235193404165532,-0.6085913501450452,-2.0480151588049744,1.9856940287387388,-1.2901725550939165,0.08885932790366646,-0.7559941664862675,-1.9676750614864544,0.0
-0.4535926424098908,-0.0807577703797291,3.084456152925912,-3.1773342733239534,-0.3703794573137085,-2.5381694491229494,-2.6349356233862604,0.3110806475540644,0.11810579893339618,-3.004465624393809,1.0
0.221086441472193,-0.8432112793354049,0.5700198788475433,0.1922118008105277,-0.02188222233194965,-1.4210177385178984,-0.01595889345128625,0.2462599037170997,2.5449255875949746,0.24033327702983584,0.0
-0.2707814528012629,0.4206101070834529,-0.4679137246601267,-0.6720167716891954,-1.4233976261766383,-1.1399236447774377,1.7551544906079182,0.45287489736228,0.07324555372029783,0.08347439561822588,1.0
2.3099334657893573,-3.388185026062499,1.549591999603881,-0.06260434444033937,-1.0403568493055344,-0.2405462476626988,2.653570255619835,0.901366266684832,0.14915993134577835,-1.5591264036843189,1.0
-0.12425569294742313,-5.6829012942594845,2.5269270100974057,-8.679004506614529,0.9099618470105872,-1.4092986525840594,-2.8153518888998894,-1.6753524356124012,0.2320897003757528,-0.8234680144417802,0.0
1.6831504962405328,-0.07615323979780841,3.0974500300900205,-1.5510735061036538,1.2223795986793062,-0.2034058865385744,-0.25329225803114314,-0.7402008993479297,1.5653339131671393,-1.4374480302778982,1.0
-1.6468374964341606,-1.2156212320815991,-2.0564713536560664,1.9328761635823133,1.5796424391001689,3.677405365523645,0.4620238431651463,-0.7757104760465354,-2.112700449583232,0.26437878660121283,1.0
-0.9984405112282236,1.9560746766669288,-1.3648356303304447,-0.8272116378893019,1.3178600331348322,-0.9124123032565058,-0.8202500545980346,-1.4740436244369577,-0.995077853514486,-0.4738276339678017,1.0
2.4704217637908483,0.4502986972869879,2.3132216695870915,-6.800910180728656,-1.93161602382559,-1.6732107274692634,-0.4823830927111258,-0.0033520880811818607,2.3612739278146546,-4.632558455273892,1.0
0.6931008305649596,-0.6511692531442536,-0.8198509120872701,-1.9356664337617169,-2.144928847794944,-1.574220526431109,-1.4985338708802596,-1.4608948094886067,0.8812125442618682,-0.8617218069889052,0.0
1.4626286296677833,-1.6555886302585827,2.511469431578138,-1.7002648700877458,-0.9589842959940424,-1.9371749305163928,-0.6051396562202627,1.1734558509978688,0.2482947789801432,-2.499934000096484,1.0
-1.2120825298333993,0.2479889075266765,2.626665878632165,-0.32162031917951106,-1.40911080814112,-0.9805722143000156,-0.7943089782613586,-0.14329875987582927,-0.1979815339917261,-0.9969879799748284,0.0
1.3729850914099202,1.2641436309793743,-3.1861864112754685,0.6337683606954552,2.2437549435342223,-1.7841326621093871,1.1942950957901597,-0.1413724495429597,0.05235066650236544,2.873449969751845,1.0
-2.6392143598043893,1.475338311394675,2.3520053600738327,-0.1550543917519386,0.30395789868336065,1.970301296300936,2.605514890337433,-0.06735555456456654,-0.6856356070150692,0.6374077904560193,0.0
1.0513773109987614,-0.5731155482283863,-0.7297888852650298,2.523305307665552,0.7996199379840586,1.1976056606173808,0.9279341886677328,0.3939713940187733,-0.3034884026517972,1.3963311785056944,1.0
-4.099104674447782,3.91411583261528,1.6310641907291892,2.717440008460521,-0.5579840836474929,5.897856180581401,0.3884428636375722,-0.027601264422622444,-4.667905317762292,-3.410845247305101,0.0
-0.6355521463578963,0.5457881331821532,-0.8424357855738149,1.4538198071188737,-3.871882541237971,0.6489213306517029,-1.683747934827203,1.5978594444574172,3.7386189917044375,-0.5213141715925828,0.0
-0.2475876337774205,-2.423590940376333,0.6489595610653812,1.6020368931932445,-4.393828628019124,-1.5109901435553443,5.152227541399599,3.232311489294468,0.380980015663958,1.6925032312602055,1.0
-1.3712566437106066,2.9042530656533065,-3.397419637806536,-0.7197502085000409,1.19416228954143,0.423007738364911,-1.9521670750218316,-2.65539551974678,-2.587421911927241,-1.6664936577573184,1.0
3.5057690312979246,-1.1422751563224651,-1.5583797593456208,-0.11528773089823705,-1.2854737586035017,-4.723881155167494,-0.8666333010552268,-1.9480339803918407,4.3236787925446265,2.126752835467611,0.0
-0.5556026492497025,-2.217718240049668,-0.6302518268663087,-1.2244260685853514,0.8657902696001357,0.1684235490419165,-0.31814612847726564,2.8564110127111584,0.6757605763658345,0.5968997702192883,0.0
2.4603992137842767,0.1806982716210672,2.5539519869953007,1.1878287645112875,-0.4412515860886898,-1.4486991334294073,-3.2205628569303464,-1.850788803513644,0.2516612347687421,-1.225016953315116,0.0
-1.8486424263317427,-0.34737668292571433,-3.1791914184289065,-0.7235156874259752,-0.8967656166095964,1.89508809862626,-0.04234910067162068,0.4558952960529396,-2.4521732695064817,-1.315999517313175,1.0
-3.520695240626889,-0.5763977816853992,-0.35742258797631776,-1.8218897061583648,-0.4103704600568633,2.567276606921552,0.8077855960083139,2.0092333460388434,-1.9292779703252667,-1.6948089937233053,0.0
1.2213871021245843,-0.6885345164429202,2.484820033559469,-0.5399394419854161,0.22526064465412024,-0.5972224511789247,-1.7481978504961109,-0.8177099438276596,-0.4236806667591341,-0.18762464652364155,0.0
-0.8207415294942748,1.1813168947746548,1.8148458962654084,1.9732324327085669,0.4666067540371831,2.0244796108236525,-1.0000026611368271,0.3634678383339689,-1.7589375237719325,-1.4501860117164909,0.0
0.7619157305461901,0.7445984726806623,-0.2897461395357905,3.0284515444744686,0.5936118100664767,1.4381214812013257,-0.0483480545634806,-0.7117514602911634,0.5117014894680844,1.883423005060865,1.0
0.5510549149676618,-0.6190316939191962,-0.1866928194953684,-0.5499894067690804,1.6766840584085596,-0.8600997823732379,-1.4084012518808997,0.20543198207586927,0.006346546310710628,0.2242220703136544,1.0
1.9453666556476028,-1.2520925493256905,-0.7995565035869242,-1.0501511531227925,-1.7473244551640297,-2.1912092064396407,-1.8057747428025523,-0.5533117157726384,1.9631621872436125,1.2585641200492304,0.0
2.9153185040627494,-4.361652499073056,0.3252926439818556,-2.7150206149485263,1.1896675926664655,-3.8394551644029407,-3.1398945869033925,0.35608712453062263,2.040223781303685,-0.04493196342599404,0.0
-0.8758454900957665,-0.0491497001375304,-0.3085960798225466,-0.1186516084212787,-0.6020359002184353,2.056684392524539,1.6767294773522945,0.15424758082319162,-1.0374529365670222,-1.3448573698732251,1.0
-3.9151797411955935,0.5605634803986045,1.6326635200606292,0.5443077596949444,0.2676137314325783,-2.210121052551867,-1.7347274520179468,1.2409846358351255,-1.8880027421897183,0.28684294667575816,1.0
0.3057133147177297,0.2539929004726173,-0.10655881699413196,-0.4595282821280285,-0.898841293781682,-0.3192382340919659,-0.6987851309788174,-1.0433805433027274,0.2827134987762988,0.17343617357543373,0.0
0.02855830663157598,0.9146791950229886,-0.8562494005620419,-0.04459312375549927,-3.3596315920855613,-3.6879028257550632,-0.13727472174480362,-2.4739034933221795,2.760937117542876,0.3655017607437401,0.0
-2.7838719951166366,-0.30944874274753675,-1.4412242030993914,-0.5281937677842349,-3.102286795245629,2.587595653827,1.0504053761380083,0.6216666655946993,0.039913238117233775,0.44838966480692094,1.0
2.268300167442665,-4.649595904071554,0.962080693664054,1.7759559055520586,-0.6350963309319803,0.578987909129314,2.063852301553998,2.267785240775879,0.5814841245223716,0.9131071673732314,1.0
-0.0452456285044338,-2.5831785923527346,2.2417962659839583,2.7037857925229374,0.18672141266988573,-0.3623581226494953,0.3573340137866908,1.246880547237581,-0.4382221465033298,0.7442381063685952,1.0
0.3316969689044897,0.554558654487264,0.8416570403183959,0.3594311287678718,-1.9180054470547447,-2.9821476581400166,0.6079737459571299,-1.6100712220988926,3.0799192458180222,0.8122340935541212,0.0
1.3518534572942353,-2.1371007793032994,0.1723022362575355,2.1965761884344097,-0.23995991829912244,0.1502833371125329,3.1972239857772125,1.3515705302318903,0.4828897625510409,2.0717297341031644,1.0
-3.7117561679591033,2.123318566914827,-1.2942825566730527,1.5459841234412317,2.6897427095483057,2.8052721796069373,-2.953817843162831,-1.612587859625383,-1.7348543184640568,1.25198188941538,1.0
-0.4967850860483688,-1.795992266955918,0.9366797208707746,1.6325685221386466,-1.9505878746587737,-0.7525883598187617,0.16824231100403667,2.7388490229694047,-1.6807715717577894,-0.621503049203012,1.0
-0.9416222005149067,1.777245351068675,3.4093195941503054,1.2390235855039489,0.7729447885267706,2.3473209531226518,0.34690484735599564,-1.206657437887396,-1.4032584316570775,-1.2086255894740132,0.0
2.2690968369297377,1.3065324739179376,-0.3870267080808753,-0.8916860663475931,-0.0275500482999586,1.059416901863627,1.109461821046674,-1.7819619671799751,0.6243470161128156,-1.7252557926500431,1.0
-0.8203240083829672,3.571683027717473,-2.342654301882636,-0.3564620566910884,2.915893435044932,-0.580418654347686,-3.1323151766736466,-2.062733718458247,-1.594353583350454,-0.1270577002870399,1.0
2.027468142047045,-0.7909448214198949,1.2674892535019089,0.6994648264101812,2.275899983843882,-2.9190651630326276,-1.9806180914442948,0.9980743481300064,-0.1654056029036111,0.4423693375425001,1.0
-0.21340162340698526,3.123022809969864,-4.077414647739603,-0.8237564894725952,4.5834078135161915,1.6445578236150142,-5.391011952625211,-2.794898503499211,-1.5994499873618675,-0.2188128371832073,1.0
-0.09953680334665388,1.3947622280160996,-0.3216104993330501,0.6531724815617465,-2.0820209005660835,1.6235342505166264,-1.8019168529742204,-0.9852038706677138,-1.1751382891893127,-2.2310398099288054,0.0
1.4813759200839796,-0.13237308017750288,2.6650434734083595,-3.245425963516193,0.39490704671429305,-4.803906440959323,-3.599121965404594,1.4258008880126731,-0.4375792870009164,-3.2068528230298123,1.0
1.070624288783318,0.7262092633553725,2.622630385320573,2.855404445950043,1.2385819789764785,0.0776826202364098,0.4180759952814893,0.8767767930026683,0.2559806584594077,2.4418101249095066,0.0
0.5384045513687712,-3.5842610859186887,-4.042494760279186,-3.211997192472468,0.383540394530101,-5.1015278915946745,-0.1675781271469722,-0.0637935492398621,2.888881725756143,0.3184564140663376,0.0
2.311360845085676,-1.1301711380151749,0.39630624682361737,-0.1824900682970068,-1.860667243832813,-4.539457486957549,-4.30456369380249,-3.7990600238053127,3.058238882260304,-1.333646561435517,0.0
-2.6222247200842097,2.331759685645552,-0.8746814836166387,1.9492449637801,-1.173792143592297,1.5731198574118783,1.7067483625390056,0.5526474032048365,0.2660179689929757,-0.5328774373890505,0.0
-0.6315307055013083,0.7957198030092965,-4.71579838046456,-1.9442523558265616,-0.2386424492313673,-1.6624022062284012,1.0150881737503554,-0.513747700774348,-1.5348189642251473,0.044718222915452965,1.0
1.4477128715212155,3.006381254510243,-2.424006336243661,1.7739827669348966,-3.123524114679205,0.8491508895272326,0.2521233184374829,-2.426964416517501,0.35033960768722217,1.2147948652761444,0.0
-1.599812058415575,2.308124749072259,3.4059203022818867,2.238936383716569,-0.6984978729368919,0.5503628657846463,-2.1276607367379965,-0.9819494727153008,-0.237039074273303,-0.7084289988829315,1.0
-4.088378815939869,1.6574530072963995,-1.5002367570103323,2.399327295818225,0.7164064329623404,2.9200925341425887,3.6951705647797,3.6516386479253855,-0.4570543070877409,0.2792931377943649,0.0
-0.7585398420615469,0.15101284304411064,2.420127644663145,2.9683393106546467,-2.2356305390398186,-0.7805981598766006,-0.049536431529721835,1.2757543847262849,0.3636048804098504,1.2459721270306767,1.0
1.4651256712889036,0.6264783218602079,2.3693146178949647,-1.2589504193216734,0.7852994455662414,3.0436672443704063,-2.3436850904355024,-3.2961768305411945,-5.080130371479203,-2.313760797532672,0.0
-1.6411768653140075,0.7175064050444824,-1.2720967422674878,-0.6444688227318879,-1.7882993642034288,0.8828882674204147,0.6762870932176714,0.4787208238852948,1.181659757032211,0.3547247694892368,0.0
-1.1247771679396468,1.97855452480934,3.988680227453113,3.3699016219004267,0.5828205301764711,1.4241433005135984,-0.8577092188657907,-0.32639343148259203,-1.6841718102460386,-2.6451350171560124,0.0
3.0103749539877245,-1.58156141788617,-1.2531022475311715,1.3211023844854293,-0.06999910754811639,-4.347680225565939,-2.1748648679131355,-0.2108858229953609,3.653672726591025,1.0347077225101442,0.0
0.4646398465223837,-0.8918884285379176,0.6923040376422168,0.10230286605779522,-1.527576615053215,-1.89388659390576,-2.8688864345322163,-0.1341157567365162,2.803272968658723,-1.2168997693816002,0.0
2.830258004216081,-2.229041065066087,-0.5932698200407436,-2.555152347152157,3.020213195507546,2.0050317573264107,-1.4929721258083966,-0.19591077079088406,-4.8289735957530615,-0.9163701409674316,0.0
2.427573473245165,1.1480057791944198,2.47736876469127,2.5944235567849394,1.2071468141890591,-1.5652965270572754,0.2946494572100097,-1.059423704497771,0.8222048286697938,1.0522256414476057,0.0
-1.9179683169908293,-1.8237656292403468,0.7592799987524506,-2.4928379115122814,1.1904237257574353,3.351885581302416,-0.41704798732766746,2.8912866184679005,-3.4813205071449085,-1.353337739955052,0.0
-2.1445798261569484,-0.13055145874106094,-0.01779900311874416,-2.0688779040552534,-0.8411019590612968,0.042952803285743364,0.6516508949729652,-1.2370866105149505,0.2588454193190349,-0.9133944833463741,0.0
0.5072422622554786,0.04670672973751405,-1.0056414677642027,0.4576977418797889,-0.6531682698666962,-1.4979219739182876,-0.8350842633268332,-0.8920206942549008,0.3116482929976428,-0.8269422349070414,0.0
-1.2555974050794625,-1.814536590447276,0.08103549453805169,0.6356058808667526,-4.6106217728381695,1.5685669113661926,4.427713800488321,2.3694428182282485,0.4315588837726381,0.7262678557784582,1.0
0.9995575673271934,0.559060242656563,0.9734211549374958,1.5363528645811904,5.1974378540309925,-0.6298306714003641,-3.0053594010860394,-1.4315738991877374,-1.132338734638314,0.15270480651731888,1.0
1.143693788616886,-0.945207327230898,2.480566879200106,-2.089749727279312,0.01902719338439109,3.4111613889875017,-1.9350596492944463,-0.4855162343659533,-2.106625432587609,-1.0257380933069788,0.0
2.274058954964091,-0.05625147546281156,-1.7154949570806564,1.2292389221686242,0.9583012085805775,-2.3275185429842127,1.1948572314892287,0.4628473194968621,0.8396722219329938,1.7477102690164843,0.0
4.7321094974848,-1.0975604787156286,2.8340764336522044,-1.5339084147984177,-0.6029164947870488,-4.871331324247628,-4.33424550629907,-6.1215174922769275,0.0972014146692324,-1.1369276519487572,0.0
1.4914885561312548,0.019985808124369068,1.0136628780507686,0.23742258272010006,-0.06942170044282255,-2.3975690013557744,-0.9547183088436482,-2.7776166427998854,1.2263200446145897,0.6594011487164936,0.0
-0.8299021582100204,1.9518480441999435,-2.793448505131985,-1.0492111359241438,-0.6956606289368634,1.6488493510012288,0.34376444569432946,-1.3531105182909475,-0.6010967312488026,-0.6392579697359371,1.0
2.3890315427555446,-3.0065387318930306,2.326991405182765,-2.8086727223953445,2.257873780949691,-0.2978810343598611,-3.756468661328961,-0.4411829370717316,-2.7139250752299886,-1.9275655814344752,0.0
2.6320299893783647,-3.3860613320997963,-1.9057811668168816,-4.787724993566449,0.5644566870889691,-1.5156714448153958,-1.810907982476088,-1.4990584716804998,-2.560386827811078,0.1933328231255524,0.0
1.528480295190659,-1.268340058974552,1.8293782156473168,2.179305572764383,-1.0054704308885862,1.4053492247300363,0.6071376480916466,0.4609136632406243,1.0137517415351092,0.566462573788119,1.0
1.091789457922005,-2.350341903790824,-0.9374317973436654,-2.5522752112062626,-0.08748339705892147,-0.6102799748749301,-1.6542497454993437,0.09392316037415437,0.7018722145622318,0.2678232499317288,0.0
1.1520783473624752,0.8462227510441661,-0.16241733771053407,2.334673058042809,-1.2826676373926462,-0.3870552802800016,-0.8901803813077126,0.37069665284710496,2.094162452702113,0.4698404306019302,0.0
0.16304948450047174,-0.5328893509078589,-1.8230786802557872,-1.457399099399254,-0.3393975092678032,-1.145631576424156,0.28230090486089976,-0.3381840431820172,0.610048155955266,-0.052491458944691316,0.0
-2.89397736944004,-1.3502975479917945,1.4260587795471409,-2.957579894403511,0.8193870839384154,2.045648534857869,1.4898136312487718,1.8197836243695305,0.05557797172935619,1.612682020361544,0.0
0.2413297919700117,-0.3721856680026226,3.073352767900159,0.8175357336683449,0.2689788880913168,-1.4932332436746982,-0.1771425569939877,0.5051862422274634,0.04524471075598894,-0.5211778873339539,1.0
-1.673979208314347,0.7222924846939689,-1.9486499116151408,2.612733770835668,2.0957333585669,0.8865722464362009,-1.4992204335557393,0.2327826515524218,-1.0247283445223818,3.1414598144648167,1.0
-3.160603352406744,0.905171772285076,3.10407111975084,-0.12659616785707622,2.526424356911446,3.4468531458421965,2.156283550260405,-0.055659334204198885,-3.4477631864068354,-2.545644080429184,0.0
1.6609087598731258,2.7446737890250534,2.111491159524828,2.5164593843481358,0.059635604468741936,0.31206259131351033,-0.513786204746745,-3.1898287545138886,-2.5994907857479057,0.49430424127462,0.0
-0.5114659039080081,-1.8068025713617368,-0.08179746611549656,-3.8051460899838303,1.2653291948725875,1.6689321907179877,-0.8760148974180301,-1.2865951496814068,-2.1924399155783547,-2.2223379573298687,0.0
-0.25050882515558,2.498710454260081,-1.6352041244770277,-0.767178988756482,-1.3566966435685146,-4.580750288365205,-0.8269332442187003,0.9632510292593118,-1.4716291648745143,-0.1683220100047595,1.0
0.2040846891165712,0.579399565775212,1.5707540547857743,-3.2182454738437967,-0.9773295657037055,-2.7308199245345754,1.5281997138911436,0.6236804695518849,1.4950658854489154,-0.8213540603373672,1.0
-1.8434986427873885,0.3942156332211639,-1.5865596901200931,1.8583216310456048,2.217236655487706,2.4597627060896863,1.4813893121118669,-0.93663785011604,-0.6090501184477761,2.338209389589472,1.0
0.1778494846830367,1.1821310137203929,-2.4899943554577426,0.7912760150087379,-1.9919033936892945,0.7933326462757491,-0.3170294318093915,-1.0646166713404772,0.29387168028440164,0.06061599831041808,0.0
0.390892371637236,-1.9974301584045848,-0.1009846389588689,1.5204647643943396,-4.509163946180701,-0.5614440117089338,0.335626199508185,2.9215755642033048,0.4011477540410349,0.7943426860223898,1.0
-0.027886753657843127,0.5950762601689495,1.3840921191172677,-3.2767723604009737,-0.3559359099941649,0.9338359978174692,-2.8151050252432115,-2.1191471170707,-0.2311542196250478,-4.5263975980927365,1.0
-2.466882247237382,0.36810934405075824,0.0092404880063937,2.5703236114420864,-0.028854799120609394,2.420437689895589,-1.694142740025725,-0.3842091275586704,0.4289295829349751,2.713661500331499,1.0
-1.0390619376104189,-1.3296477777851008,-3.3299260232451253,1.2212961576616297,-3.4501358629292365,0.6280010943452201,3.0069484796458035,2.200926169955481,0.4554026679193225,3.3815373266718005,1.0
-2.3395156811527307,-0.06941531361330629,-1.6143691028844334,0.2028984805799365,-1.338482112174486,1.838102658960796,2.9081600549266082,0.18230438928074014,-1.6799380063822178,-0.5429827609092095,1.0
0.3265492277939005,-1.4673738074003648,-1.0024953737961164,0.8821051405314414,1.1345448853711202,3.6589285374176552,0.20249638833072328,-0.4607197012041002,-0.5087861559287971,-0.29556865045962954,1.0
0.2307333850224549,-0.3764201407840464,0.5057035648859414,-0.7289146436503302,0.3730474352330279,-2.3496466916958543,1.2485626702476416,-0.04242440267804602,1.4654919249326837,1.0087539974174744,0.0
0.057484531531377135,-0.16748135434870798,-0.9197137825056436,0.17661948065584793,0.3794311286393237,-1.7396834779506114,1.2825627755820117,0.9104012218190642,-0.4992040947487528,1.0040702924875116,1.0
