32.4915,9.5923,2.5340000000000003,0.4854,0.3173,4.226,-18.3771,-11.3673,8.249,230.031,0
23.1207,14.0498,2.6479,0.4522,0.2396,3.982,14.7351,-6.5502,22.208,143.885,0
18.423,12.554,2.5058,0.5991,0.4228,12.1573,15.8397,-9.6204,15.175,146.477,0
40.3394,18.3309,2.8932,0.335,0.1694,7.4195,-28.7926,-11.8535,2.9018,115.644,0
38.1346,17.4613,2.7853,0.2689,0.1484,18.5147,-19.4021,18.5193,11.418,200.435,0
18.557,16.4293,2.3793,0.4927,0.2818,5.6607,-17.0311,8.3854,47.746,111.772,0
28.7156,13.9972,2.5792,0.4242,0.2332,-20.5848,13.8408,6.6946,30.192,240.26,0
21.9209,17.3337,2.4654,0.5171,0.28600000000000003,14.6179,17.1779,-18.6644,8.3521,183.242,0
30.6613,15.0985,2.6994,0.4476,0.2687,20.1007,-16.3498,6.5174,26.9064,151.766,0
141.2052,54.2402,3.7426,0.1595,0.0798,119.3406,125.4523,-58.434,44.8045,221.4339,1
26.0226,14.3748,2.5453,0.4644,0.3006,31.3982,17.1045,-12.0391,13.986,139.172,0
81.3466,38.2146,3.3173,0.1647,0.086,-42.1784,59.5826,31.3628,1.2749,317.927,0
148.703,22.2667,2.6064,0.401,0.2339,183.475,-108.093,15.8184,73.7185,47.71,1
98.1014,20.8224,2.7126,0.4205,0.2141,82.7671,76.1611,13.993,2.954,220.417,0
71.3694,21.8207,3.2536,0.2839,0.1447,-59.8454,49.8945,10.6204,3.048,302.136,0
55.0356,42.0449,3.135,0.2191,0.1294,50.7766,35.14,-10.731,72.5768,127.54,1
36.1281,11.0465,2.4878,0.3512,0.1772,18.0625,30.0814,-8.6113,10.5725,139.436,0
17.1236,10.541,2.4713,0.6757,0.397,3.5457,-7.5841,7.9365,40.222,147.285,0
17.703,7.4693,2.1775,0.7841,0.5349,-1.0505,2.9853,-3.987,63.0438,161.55,0
14.985,5.5751,2.5347,0.7069,0.4534,5.1239,15.4253,11.2915,35.9056,76.0125,1
31.3598,24.3563,2.7308,0.3309,0.1924,-15.4335,-17.2804,-14.4643,75.9302,96.4856,0
42.6197,19.9785,3.0523,0.2145,0.1077,22.3392,16.9221,-6.3166,0.898,204.766,0
97.0342,32.9848,3.9343,0.1198,0.0603,34.0882,89.9319,-18.9841,0.4882,290.224,0
61.7314,27.9239,2.9943,0.232,0.1535,-94.3046,48.3881,-18.0683,3.735,235.89,0
48.4338,22.9487,2.972,0.2219,0.1221,58.4819,38.9124,16.125999999999998,1.0711,189.115,0
29.3091,17.9348,2.766,0.3685,0.2151,18.5997,20.5415,16.9561,24.9607,135.511,0
18.8916,12.3608,2.5112,0.53,0.3097,-2.3514,6.5856,-9.2091,9.814,186.491,0
74.9131,28.8761,2.9542,0.3378,0.1972,-14.6066,-67.0749,-10.8949,0.3194,384.822,0
68.9088,26.5542,3.3161,0.1657,0.0867,56.9762,57.051,11.8513,0.7358,266.31,0
92.7295,24.5898,3.1638,0.2373,0.1396,-42.6442,76.3109,21.7673,0.9268,319.048,0
17.8481,10.5084,2.3927,0.6275,0.3381,-21.4824,-10.9999,5.5515,10.016,109.651,1
38.9602,27.5297,3.3717,0.1972,0.1064,39.1493,20.9165,17.0329,3.7694,206.49400000000003,0
27.979,11.4756,2.5353,0.4169,0.2085,39.4151,6.6349,5.2675,13.894,194.725,0
17.0805,10.5225,2.4487,0.6584,0.4181,1.4967,-5.2722,8.0122,70.176,169.49599999999995,0
136.416,88.1951,3.9794,0.0368,0.0189,43.723,125.687,23.7715,78.348,196.897,1
19.3038,12.9565,2.5676,0.5196,0.3234,-12.6387,-13.6434,-4.282,18.056,245.678,0
56.4815,34.5541,3.3925,0.1632,0.0824,-59.2361,36.4414,-18.2469,1.129,268.956,0
76.9668,21.0539,3.365,0.1696,0.0904,44.3216,71.1197,-9.3964,2.2043,200.034,0
78.2002,23.1372,3.2357,0.2005,0.1212,57.955,86.1356,16.129,12.616,217.965,0
41.3104,7.2134,2.821,0.3669,0.2014,33.1523,22.7772,-9.2093,79.0118,253.6165,1
18.4648,16.1461,2.3901,0.4888,0.279,19.5164,18.5118,-5.8176,25.299,224.699,0
38.3392,18.2407,2.6928,0.3266,0.1957,44.386,-24.9301,15.5016,7.1160000000000005,241.747,0
47.7801,21.3242,3.297,0.1812,0.0946,76.0154,-14.0823,16.8679,4.42,182.13,0
24.7543,9.5211,2.4354,0.5284,0.2954,18.0484,-15.2965,5.5949,48.38399999999999,33.1645,0
69.9754,33.0572,3.1084,0.2353,0.1212,-4.539,-66.9234,19.522,24.9148,179.293,1
45.952,36.6764,3.2163,0.1799,0.0975,32.4806,40.2426,18.5289,24.992,143.65,0
89.2198,30.9204,3.6657,0.1943,0.1156,-45.9685,60.5827,-9.4736,3.667,337.885,0
40.4409,11.3388,2.485,0.3502,0.1817,39.9874,23.4546,-7.171,19.335,224.153,0
24.3134,16.608,2.4354,0.3376,0.1817,-9.9913,-5.1129,13.4901,11.9691,171.53,0
31.4487,12.5907,2.5152,0.3969,0.2,1.9766,-9.897,9.2871,21.501,136.8,0
65.6077,21.9075,3.4512,0.2052,0.1056,43.03,67.8894,11.479,10.6894,224.172,0
118.689,44.1081,2.7864,0.6214,0.39,-60.2387,-138.65,-35.9328,15.7902,384.151,1
23.3913,11.2116,2.8160000000000003,0.4598,0.2663,-3.2584,-8.4222,5.3094,79.8372,60.869,1
102.967,48.0406,3.6819,0.1916,0.0995,-74.9399,-90.8354,-30.5241,42.5044,375.203,1
54.424,27.1683,3.4295,0.2053,0.1188,34.4532,39.2346,11.555,6.9179999999999975,218.337,0
20.4844,12.5957,2.4556,0.4518,0.2469,0.5489999999999999,-2.548,-9.8238,63.2473,188.014,0
25.2295,10.3237,2.2902,0.5426,0.3037,20.3085,26.8131,-9.9377,12.7764,107.4802,1
24.4584,13.9759,2.3375,0.4920000000000001,0.3011,10.1463,13.4505,12.8452,54.494,189.483,0
12.9935,11.0298,2.3149,0.7506,0.4479,-14.21,6.459,-9.7896,50.922,48.618,0
46.1616,18.1845,2.4330000000000003,0.4502,0.2343,29.9373,41.7788,14.8822,8.3129,190.617,0
34.6908,11.2351,2.5004,0.3791,0.1975,-35.4735,21.2479,-7.7418,10.612,152.891,0
27.7451,6.9264,2.2577,0.5635,0.3066,-8.7546,-15.3031,-1.8505,18.4147,176.274,0
14.3587,10.5595,2.2995,0.4697,0.2872,0.5447,-21.2655,-10.9281,82.9011,133.4632,1
37.9146,6.0951,2.6439,0.6175,0.328,40.0144,31.7469,4.3788,36.6756,188.842,1
70.3295,29.3458,3.218,0.2488,0.1577,-20.358,64.4925,-19.8294,0.3953,341.265,0
30.8152,12.0368,2.5792,0.498,0.2754,-11.9691,22.7116,8.1449,41.5882,168.774,1
34.0466,10.7681,2.7645,0.4592,0.2709,13.5489,32.3867,9.8052,57.166,211.043,1
11.9675,7.3042,2.5834,0.5463,0.3224,17.8808,20.2091,-8.8594,20.9052,147.3084,1
39.0094,20.8056,2.7727,0.2937,0.1882,3.2393,30.5222,-9.5172,19.937,175.655,0
54.4277,17.9112,2.9375,0.2036,0.097,36.8189,19.3015,1.2236,71.0903,254.5202,1
23.4104,16.1197,2.3377,0.6494,0.3289,-14.7089,-34.3069,-3.7829,54.9737,140.2448,1
83.6276,29.8467,3.7147,0.1416,0.0753,-82.4063,61.4144,15.4813,0.439,258.645,0
132.5455,45.6467,3.7384,0.08900000000000001,0.0646,3.5937,-116.8661,17.769000000000005,31.3774,349.2639,1
50.7195,12.1569,2.6498,0.4166,0.2318,30.2989,45.4964,-11.1641,14.33,235.664,1
86.9585,33.0357,3.5415,0.2245,0.141,11.242,53.9694,-23.3341,0.29600000000000004,341.694,0
76.7307,24.2085,3.037,0.3021,0.1584,12.6502,26.3846,-17.545,3.4360000000000004,354.31300000000016,0
75.3837,39.6086,3.5638,0.1742,0.1014,50.8689,76.7048,34.1011,10.522,216.027,0
29.3911,15.9442,2.5276,0.3175,0.1588,2.1929,-21.295,13.5689,7.845,149.267,0
25.4719,20.6789,2.1683,0.5356,0.3184,-21.529,8.4876,-9.6268,85.9595,158.3338,1
23.5813,0.0,2.1477,0.7687,0.4235,24.2345,16.6562,-0.0001,12.5074,239.929,0
97.3016,50.3098,4.0832,0.1158,0.0708,-23.9193,64.0663,-37.2355,0.131,315.834,0
150.054,84.34200000000001,3.3821,0.2614,0.1325,-134.609,-137.365,48.4513,78.7196,260.133,1
16.2957,9.4793,2.5296,0.6223,0.3386,0.262,-9.6089,9.1627,40.3177,112.2304,1
85.8375,28.1022,3.3598,0.1153,0.0583,-36.1162,-36.8489,15.3542,2.5365,250.302,0
34.8773,10.9165,2.7528,0.417,0.2677,31.9997,25.0411,-7.3443,34.4381,86.954,1
18.2939,10.6387,2.1959,0.5223,0.2643,-25.1535,-6.4843,-2.8062,68.712,145.132,0
46.3799,11.024,2.6613,0.3751,0.2017,41.5771,41.4568,-5.4594,5.6712,258.733,0
37.3516,16.8653,2.7882,0.3958,0.2093,4.4937,31.5053,-11.6112,1.713,184.572,0
107.484,13.3418,2.6123,0.442,0.2601,120.05,42.0923,-7.7712,1.759,278.108,0
24.5507,16.9437,2.776,0.4288,0.2672,4.6419,15.2027,13.208,39.1194,216.39,0
70.1175,26.765,2.8525,0.361,0.2128,-78.9622,34.9175,14.1978,1.4663,262.124,0
36.7352,16.8787,2.7105,0.3486,0.18600000000000005,-8.7051,-30.3363,7.5822,4.147,201.479,0
47.8877,29.0881,2.9408,0.2973,0.1903,36.1385,7.6255,32.7636,22.0716,87.057,1
18.4575,16.7327,2.6313,0.5278,0.294,3.9328,-15.5885,-7.0676,67.5262,139.5355,1
32.843,14.2793,2.9146,0.4017,0.2538,-11.1135,-21.6815,4.8152,3.4605,198.949,0
268.384,28.4885,3.3417,0.1011,0.0549,-381.734,142.10399999999996,-11.1603,1.607,95.3574,1
177.8882,59.1349,3.9456,0.0736,0.0557,-208.5682,-127.6361,38.8133,88.9903,263.9121,1
32.482,15.9224,2.5004,0.3412,0.1785,-41.9452,-27.8162,15.9327,9.45,219.995,0
48.0293,13.2839,2.7832,0.3855,0.21,32.6432,14.7251,-10.5128,2.397,199.141,0
12.8955,11.348,2.1538,0.7368,0.4105,-14.9658,7.3404,-10.6825,22.118,46.7654,0
29.5728,23.5821,2.9834,0.3522,0.2301,20.3924,22.015,20.5317,28.8051,179.916,0
21.0145,11.1854,2.3304,0.5701,0.2967,20.8796,19.3354,10.0452,3.9389,188.343,0
17.5793,15.5771,2.2601,0.6264,0.3819,-1.1812,-12.0557,-15.5147,62.1191,211.033,0
29.5024,14.0183,2.5982,0.4212,0.2308,7.4738,-10.529000000000002,8.1991,3.8455,82.6159,0
178.482,102.199,3.3582,0.1389,0.0708,96.516,123.055,-86.3306,55.56100000000001,270.063,1
45.0159,20.7843,2.9297,0.2434,0.1311,36.9017,-15.5396,10.2351,10.558,158.989,0
27.4956,11.4934,2.5315,0.4765,0.2574,-3.9476,-24.1313,-9.2681,25.1126,155.765,0
48.2398,7.2881,2.8264,0.3244,0.1653,74.2398,21.2112,15.5844,69.1637,140.5233,1
47.8669,18.7702,3.073,0.2342,0.1213,30.5749,31.939,10.45,0.94,188.266,0
21.6779,11.9886,2.4257,0.5553,0.3133,0.9616,-6.9223,-7.1028,17.768,79.6969,0
77.192,16.2878,2.9845,0.2808,0.1404,89.3915,64.4648,-7.8153,8.446,254.59,0
22.35,14.565,2.7701,0.4431,0.2368,23.1078,11.831,-7.2555,15.335,244.838,0
58.8321,27.4017,3.5898,0.1497,0.0817,-7.4978,46.0111,22.4075,4.0456,237.392,0
100.2775,21.8784,3.11,0.312,0.1446,-48.1834,57.6547,-9.6341,20.7848,346.43300000000005,1
25.8976,10.4055,2.5347,0.4584,0.2584,13.0968,19.6692,-2.2195,12.5588,212.241,1
95.5555,25.0585,2.8041,0.3611,0.2221,-90.7343,56.7339,-7.9498,51.6475,198.258,1
43.2848,14.5711,2.5014,0.4801,0.2659,54.1012,32.1494,-6.6345,54.2701,250.4787,1
37.2097,18.0222,3.0133,0.2644,0.1517,-5.7967,11.6813,16.7966,66.6454,236.0314,1
49.8966,29.7888,3.2725,0.1634,0.0836,23.6856,29.2132,17.0809,5.93,202.289,0
134.9928,88.34700000000002,4.5317,0.0686,0.0412,-72.6007,-79.1155,-49.0191,2.46,269.0421,1
12.7634,11.6137,2.1446,0.7240000000000001,0.362,-14.9998,-0.544,11.6225,65.0592,106.706,0
73.48899999999998,43.6088,3.926,0.12,0.0602,51.1807,68.3708,-24.5087,1.3019999999999998,206.475,0
34.9632,20.9011,2.7885,0.3092,0.1961,-12.363,21.8051,14.5036,3.901,203.146,0
31.4399,13.6839,2.7892,0.4078,0.2413,-11.9449,21.9508,-6.5675,3.8253,184.477,0
216.4995,57.9507,3.544,0.2238,0.1273,-11.7305,-287.5067,49.9055,16.6904,294.9818,1
61.1222,30.637,2.9928,0.1891,0.0961,5.9256,43.3545,23.8303,14.3138,208.594,0
81.9549,44.1941,3.204,0.2267,0.1388,54.0726,44.1463,41.2417,89.4604,205.978,1
18.7276,12.9777,2.4401,0.5082,0.2632,-12.8933,-8.3487,-5.2782,79.2348,197.866,0
12.9024,11.2074,2.1222,0.7245,0.4415,-14.5058,7.9426,5.3656,59.898,70.8252,0
57.0078,21.2557,3.033,0.2215,0.1126,30.4996,38.3893,15.1188,7.705,268.733,0
64.6222,25.9895,3.3105,0.1986,0.103,36.8205,54.5421,-16.7046,1.6669999999999998,246.854,0
19.9277,7.1487,2.1287,0.7807,0.3978,21.7245,12.4945,-4.9894,7.035,203.421,0
23.2898,12.6184,2.6107,0.5662,0.3909,17.0016,17.9877,9.4745,11.726,122.28,0
23.3544,0.0,2.1538,0.7859999999999999,0.4456,23.0528,17.5986,0.0,11.469,130.662,0
51.4525,21.9343,2.5072,0.3764,0.2068,-26.5209,-48.6571,16.2622,1.987,182.448,0
42.2578,14.7049,2.7517,0.3114,0.1335,-63.8685,-36.6204,14.5079,15.9862,163.5211,1
95.4421,57.4709,3.7277,0.1784,0.0912,-45.6153,-92.9479,-41.5289,15.686,298.154,1
12.9512,11.0321,2.4091,0.7368,0.4581,-14.0676,7.0344,-6.6587,68.3731,204.969,1
26.3201,13.6678,2.4099,0.4202,0.2121,-32.1474,-18.1186,-10.5491,0.3082,262.888,0
53.9626,10.1645,2.9143,0.3228,0.1675,-13.777,14.6327,4.9056,31.443,167.52900000000002,1
31.3812,16.2673,2.637,0.3691,0.2134,29.2412,24.9286,10.5468,9.9904,164.81599999999997,0
28.5822,17.7111,2.6537,0.3374,0.1743,2.5716,9.6897,-4.434,25.8715,121.957,0
81.0136,16.0319,2.8976,0.2873,0.1576,66.0431,75.6853,-12.6392,1.364,224.009,0
120.631,70.7331,3.6442,0.0901,0.0478,-18.0975,-120.188,-60.7307,48.8321,71.1156,1
26.6266,11.173,2.4742,0.5604,0.3574,16.5145,11.4944,8.4577,84.2043,133.622,0
27.1111,14.7768,2.5826,0.3817,0.2288,15.8706,-12.3721,11.6509,12.4588,225.281,0
16.5073,11.5561,2.1931,0.5962,0.3237,0.3593,-3.5917,5.14,0.444,130.239,0
70.0897,27.9443,3.1908,0.1959,0.1034,46.9552,78.1148,13.8367,0.662,286.879,0
12.8337,11.5004,2.2292,0.7316,0.3805,15.1577,-5.9048,11.5261,9.9252,124.016,0
30.5319,12.9627,2.4387,0.4753,0.2606,-7.0236,-20.1713,-10.7351,80.9807,104.302,1
27.6731,21.5776,2.8245,0.3628,0.2177,7.7873,-22.4266,-15.8182,46.8822,123.6403,1
136.3197,30.3326,2.9539,0.5035,0.2868,-119.3438,-66.661,-17.6572,24.2187,286.986,1
43.1955,18.2841,2.8899,0.2616,0.1347,-24.5406,37.1483,15.1093,0.075,162.797,0
66.7957,22.9932,3.5853,0.1884,0.0968,79.6674,54.8701,19.9079,0.8059999999999999,238.402,0
37.2195,10.3329,2.4141,0.5588,0.3449,-23.3326,-21.4781,-8.1819,11.386,187.722,0
18.0214,10.6734,2.1732,0.5772,0.2919,-23.5479,-9.0283,-4.8682,0.8832,184.30900000000003,0
55.0058,19.5329,3.3413,0.2333,0.1319,26.3947,54.7244,14.2766,0.8170000000000001,252.719,0
57.0634,19.1651,2.9209,0.1908,0.1014,25.5784,-25.3718,-10.1046,4.181,236.137,0
29.5503,9.3699,2.4822,0.5535,0.3443,-20.8277,17.3776,-7.8831,65.13600000000001,155.627,1
48.4126,15.4321,2.5179,0.3672,0.2018,47.1148,31.4549,-7.3338,10.9987,155.285,0
40.0358,26.6272,3.187,0.2165,0.1284,-2.4894,-19.7872,-22.1493,0.636,156.184,0
47.9365,7.3824,2.4778,0.5025,0.2978,-33.7998,-32.8675,1.2844,4.5181,148.036,1
26.782,6.9718,2.5551,0.7409,0.3719,21.5117,-15.2322,6.2039,11.394,152.013,1
76.3259,28.009,3.2880000000000003,0.1947,0.1239,-65.7738,43.6336,21.1378,3.6015,260.839,0
29.9301,22.5662,3.065,0.2944,0.1898,4.7467,19.4692,-11.0954,23.2975,129.135,0
15.0428,12.1241,2.3579,0.6579,0.3618,-2.5418,1.1126,-6.2151,43.0169,66.4591,0
19.8847,10.9625,2.3729,0.6737,0.4004,14.8261,18.6013,8.8835,24.9395,126.042,0
100.582,21.4883,3.29,0.2579,0.1408,-46.7007,-119.555,-12.8511,37.064,243.424,1
59.2224,11.9014,2.8719,0.2525,0.1283,-25.6841,16.0284,-10.7358,87.7284,230.66,1
94.1154,33.5484,3.7746,0.183,0.0979,-56.3968,57.5239,-22.1615,3.425,343.441,0
28.5443,9.8997,2.3901,0.5132,0.2668,5.0713,23.6104,7.3634,11.3856,185.773,0
12.9926,10.8059,2.1156,0.7509999999999999,0.4789,13.52,-5.3597,7.3802,32.917,221.664,0
61.6277,31.6442,3.4755,0.1559,0.0801,53.9654,50.3227,20.6942,1.7327,280.455,0
55.0816,30.2609,2.9923,0.2036,0.1206,32.2385,43.8606,-18.237,34.246,158.388,0
59.2181,11.2908,2.9619,0.28600000000000003,0.1643,4.5356,-27.0112,2.8645,89.5952,112.152,1
20.6477,15.8523,2.42,0.4068,0.2186,0.3193,-9.9218,-6.4436,62.0705,75.0165,0
81.2405,18.0776,2.7189,0.3443,0.1663,20.1752,64.6191,-8.339,85.4906,40.1528,1
26.8902,16.3246,2.6232,0.369,0.2321,7.832000000000002,22.7451,8.6482,71.498,141.534,0
120.657,29.6804,3.2688,0.1974,0.0985,-139.6079,63.7978,-30.0938,19.0904,276.3924,1
28.4121,15.2158,2.2934,0.4784,0.257,-36.5776,-16.7046,-16.6413,10.5692,178.50799999999995,0
22.2988,15.579,2.6675,0.5828,0.3968,-14.4378,-21.103,-12.2263,43.694,150.459,1
82.6882,33.0604,3.8316,0.0984,0.058,90.8886,42.9439,12.4878,2.312,210.328,0
100.782,66.078,3.1148,0.152,0.0764,52.0003,109.721,-40.4037,57.8273,181.083,1
20.2629,12.6787,2.4864,0.5155,0.2594,24.8652,14.2747,-9.4982,17.0032,185.186,0
24.4754,11.5014,2.5139,0.5299,0.268,1.4743,11.1428,-11.6645,71.8009,155.909,1
13.4287,12.5724,2.5091,0.4125,0.2284,11.389,13.6556,1.7479,51.2221,174.8656,1
47.1025,17.8097,2.9151,0.2809,0.1745,-22.2615,-20.6708,8.6163,10.4927,223.697,0
27.7826,11.8713,2.5623,0.411,0.2096,9.8933,21.3733,-7.1486,66.669,104.412,0
159.4413,79.4386,3.9887,0.0424,0.0353,60.5195,110.5097,-92.4362,13.568,178.54,1
18.8069,16.4272,2.2355,0.5756,0.2994,-1.0363,-10.5534,16.8676,29.692,224.387,0
51.8897,25.4177,3.1181,0.2301,0.117,-66.6358,39.3683,20.0536,1.075,274.19,0
82.8578,23.9783,2.9814,0.2296,0.1216,-34.4227,66.484,16.1363,3.3652,306.276,0
37.1295,20.6574,2.9335,0.2238,0.1148,3.84,-19.9706,-6.2125,1.92,200.622,0
24.3343,14.9489,2.5302,0.3953,0.1991,16.4085,14.005999999999998,-13.2107,10.288,125.972,0
17.0613,11.3105,2.2041,0.5687,0.2906,0.0007,0.1951,3.0996,40.8521,206.093,0
30.1721,16.8838,2.6902,0.4673,0.2704,8.8759,25.3694,14.03,74.709,229.296,1
13.1104,10.3041,2.1477,0.79,0.5089,-12.6812,-6.5291,-10.0086,20.531,118.241,0
78.4298,41.9392,3.0871,0.1874,0.0978,-84.9542,-62.6607,-14.4169,10.5036,206.881,1
23.8302,9.5854,2.2504,0.6067,0.3848,27.584,-8.0138,7.7657,20.9266,104.336,0
55.6151,29.9928,3.093,0.2408,0.117,34.3058,29.4904,-14.2401,38.6667,196.767,1
42.3916,17.42,2.7332,0.329,0.2043,24.5902,32.4753,11.2423,13.6997,129.937,0
30.1546,12.2569,2.6026,0.4769,0.2859,-0.2696,-20.3,-7.7299,55.521,168.61,1
44.2373,20.9611,2.8904,0.2548,0.1293,44.1047,42.4894,-11.9185,37.234,196.137,0
31.7847,27.1539,2.9791,0.2697,0.1495,14.9426,-22.2961,-22.7852,10.4772,221.642,0
27.9249,10.6447,2.5539,0.4832,0.25,-17.9678,17.8478,-9.7047,60.341,243.604,1
69.399,10.8157,2.8136,0.4270000000000001,0.2527,68.4614,63.9922,-7.2771,6.251,251.259,0
71.5641,35.1044,3.1497,0.1431,0.0733,-28.6295,27.3206,27.1517,31.499,170.245,1
22.996,12.9225,2.3054,0.5594,0.3243,-13.3852,-14.2164,-7.3609,9.5881,201.05,0
62.3103,15.0893,2.9936,0.2635,0.1465,-12.4512,23.1942,15.5295,63.3945,143.3132,1
28.0708,8.9831,2.5308,0.5217,0.2802,6.1847,34.7658,-5.7701,17.1458,203.9697,1
33.9833,21.3778,3.0904,0.3207,0.175,15.6891,17.1457,-16.6572,7.211,182.731,0
30.205,18.8821,2.7796,0.3173,0.1902,13.0415,23.2991,13.0695,9.77,132.841,0
54.4407,20.7228,2.785,0.2789,0.1436,48.6874,37.5961,-20.6507,19.5239,238.8,0
43.9,27.5743,3.4807,0.1828,0.0964,24.8241,24.931,-12.3893,4.9347,191.736,0
30.2501,8.1902,2.4864,0.5873,0.3899,30.5772,23.6409,-7.2522,43.9048,226.871,1
24.8255,20.325,2.6243,0.3682,0.1888,24.3124,19.1442,13.3237,18.5575,180.752,0
100.185,33.4334,3.6305,0.125,0.0666,55.4799,93.13,17.5311,3.049,263.678,0
27.2175,7.037000000000001,2.2405,0.5805,0.3247,-11.3626,-12.041,3.5256,44.767,184.49400000000003,0
27.6964,16.9705,2.5605,0.3989,0.2022,-6.9001,19.1645,-12.8952,40.7357,204.364,0
30.4298,21.54,3.1836,0.2608,0.1314,-18.9118,19.9719,-10.0079,1.471,111.585,0
125.904,41.9193,2.8457,0.2639,0.1491,-38.8547,90.2368,25.7128,82.4818,207.238,1
75.1882,18.6423,2.9571,0.2241,0.1209,5.3992,63.8301,-10.5364,1.253,250.862,0
19.6196,11.9681,2.5883,0.5471,0.2774,20.6253,12.089,-2.4813,89.2825,148.702,1
26.6016,0.0,2.2188,0.7915,0.4320000000000001,-27.8246,-13.8735,-0.0001,15.92,189.441,0
59.1067,29.7666,3.4645,0.1681,0.0702,-73.002,-36.7233,22.0694,60.4798,241.4978,1
25.9645,11.7121,2.4814,0.462,0.2591,-18.9623,16.0433,-7.6253,19.8739,136.037,0
33.603,23.2454,2.7308,0.2342,0.118,-33.4196,6.4897,-16.4889,1.3108,97.2798,0
31.2219,14.747,2.6232,0.2976,0.1512,-22.4605,-14.42,8.9256,46.701,193.331,1
88.7261,51.7954,3.5083,0.1092,0.0551,-21.4176,-76.27199999999998,29.9947,35.6301,210.941,1
94.7218,38.4855,4.1226,0.0802,0.0404,25.8007,78.4474,17.5828,1.676,252.039,0
26.0249,14.2821,2.5315,0.4647,0.2515,15.9963,14.3681,5.3671,1.3587,166.04,0
13.0364,11.0335,2.0986,0.757,0.4343,-14.4047,5.7719,-10.8707,89.9026,139.852,0
63.4156,23.3802,3.2537,0.2175,0.109,32.5164,47.622,17.0239,5.7189999999999985,240.242,0
162.423,51.8306,3.5655,0.0903,0.0456,-98.3003,-32.9923,47.7485,49.6844,306.183,1
36.0495,15.0831,2.8597,0.4075,0.2134,52.2455,-17.2484,3.6444,5.396,182.937,0
204.405,58.3352,3.5901,0.1601,0.0865,-207.057,26.1755,-51.9167,87.9678,275.394,1
139.7547,48.7106,3.2483,0.1694,0.1066,133.0591,98.3826,27.4915,7.1679999999999975,192.7888,1
207.5245,106.8183,4.1841,0.0753,0.047,-217.1199,-250.3647,-49.1582,0.4183,284.4439,1
23.964,14.5084,2.4893,0.5446,0.3225,5.4312,14.3089,12.849,21.423,186.076,1
20.6376,7.2364,2.1189,0.6920000000000001,0.3688,0.4506,-5.8171,-5.9033,46.992,151.986,0
132.752,40.9525,3.4564,0.1266,0.0648,-321.583,154.833,14.8635,9.8339,119.642,1
28.7186,8.0563,2.143,0.5539999999999999,0.2986,-16.5286,-16.7053,3.5189,21.0694,143.30200000000005,0
40.944,21.4188,3.084,0.3428,0.1842,-0.3809,-33.6867,-17.5018,72.08800000000002,143.291,1
115.505,17.0683,2.6893,0.3988,0.228,115.356,65.5559,10.2487,80.7349,188.788,1
79.4527,34.5756,3.9385,0.1112,0.0564,10.6826,85.62299999999998,-11.6505,8.4526,193.317,0
35.3852,18.0039,2.9279,0.3377,0.1848,26.9396,26.6055,8.6959,7.802,157.049,0
26.1317,11.9454,2.6949,0.5182,0.287,14.2349,33.2586,-0.386,10.5074,232.5414,1
55.0826,20.1824,3.0308,0.1956,0.102,0.4276,42.2168,15.1545,3.919,227.332,0
21.2877,10.0994,2.1790000000000003,0.5828,0.3278,5.3474,-16.8421,-10.2674,8.167,244.58,0
90.2333,38.7029,3.8238,0.1767,0.0889,-27.7794,51.035,30.373,2.1630000000000003,370.409,0
16.8977,10.8718,2.2227,0.6347,0.3982,-1.5328,5.4024,7.8275,9.037,183.669,1
27.51,19.4941,2.8522,0.3753,0.22,8.9912,8.9581,-14.3853,8.8963,89.1653,0
30.7238,26.8029,2.9727,0.2694,0.156,3.6902,22.0893,-16.9203,22.799,66.2526,0
50.3838,17.0337,2.6776,0.2941,0.1544,-80.943,26.9324,14.6149,2.5660000000000003,249.604,0
76.2191,25.5172,3.5086,0.2257,0.1164,-103.605,34.0064,-17.2773,1.1725,277.488,0
64.3343,17.4503,3.3917,0.2905,0.1743,-63.4087,46.0408,-10.0344,4.3085,298.41,0
67.9253,31.8348,3.5835,0.1652,0.0841,45.4297,54.2326,-38.4032,0.1225,227.755,0
16.5149,11.558,2.2833,0.5938,0.2995,1.2281,-5.6061,-2.4139,48.896,199.29,0
42.0042,20.9915,3.1136,0.271,0.1474,-59.8072,18.9253,-6.2432,7.6720000000000015,268.331,0
13.0642,10.4653,2.1658,0.7782,0.5017,12.886,5.2943,-9.3984,19.086,91.9877,1
24.226,18.1064,2.5289,0.3728,0.1997,15.7258,-13.5556,11.3862,2.572,223.795,0
20.0973,10.8178,2.3222,0.8134,0.5084,-4.731,13.6478,-7.0235,83.4678,103.1949,1
68.9648,25.5221,3.1307,0.2102,0.1121,-76.6982,52.6603,21.812,0.402,253.006,0
28.2082,12.1254,2.4099,0.4163,0.2082,6.3914,-19.1434,-10.7975,64.547,78.8033,0
20.4074,8.6738,2.0779,0.7406,0.4451,-21.2419,20.2151,-8.2311,36.908,221.4876,1
78.5832,31.9728,3.3153,0.1161,0.0602,-1.2141,61.1027,24.3835,6.4886,215.234,0
50.8907,15.9078,2.4433,0.3315,0.1784,41.9773,44.9566,10.2157,31.0686,206.409,0
22.3332,12.7498,2.2911,0.4859,0.2634,0.3511,-5.5732,-6.8113,7.275,159.24200000000005,1
70.5593,26.1171,3.4104,0.1399,0.0717,37.261,81.2753,-9.7931,15.4093,194.721,0
173.68599999999995,49.7579,2.9547,0.4617,0.2802,-110.836,-177.71099999999996,-17.1378,18.437,310.839,1
50.4152,22.9184,2.9552,0.1962,0.107,52.5727,19.6213,7.7559,15.5478,158.086,0
12.8908,9.6284,2.2266,0.8131,0.5786,10.9329,9.1271,-8.6595,18.4308,169.38299999999995,0
12.9223,11.2174,2.2292,0.7375,0.4336,-14.6013,7.5715,9.31,82.7517,126.239,0
33.2966,26.1247,2.9959,0.3322,0.1954,13.3259,31.3099,26.3442,34.7693,204.293,0
25.7704,16.3101,2.1869,0.3957,0.2207,33.8596,-20.3249,-11.448,78.7981,41.2222,1
20.1456,7.3238,2.1222,0.7245,0.3962,1.5817,-8.3371,5.4492,12.621,162.035,0
88.4059,27.0876,3.4214,0.1917,0.0998,-112.678,63.3567,-18.634,3.617,308.513,0
29.811,10.8874,2.6526,0.4412,0.2508,-9.6388,20.32,6.5625,70.9211,127.3103,1
31.9607,23.206,2.9969,0.2518,0.1344,-0.1172,15.2445,11.5945,10.176,139.356,0
53.0789,32.7179,3.1807,0.1596,0.0821,-23.5435,-46.723,-26.7767,15.94,168.43599999999995,1
19.1984,7.4598,2.0881,0.7429,0.4531,-0.9994,6.1041,4.226,11.249,131.125,0
21.0734,6.5254,2.1383,0.7709,0.4982,-19.2334,-16.53,6.1628,84.0921,221.02,1
30.3643,15.9579,2.9194,0.3606,0.2142,-32.4872,-17.9111,-4.3409,38.8507,170.1106,1
27.0518,14.2138,2.4281,0.4104,0.222,24.2779,-19.4808,-5.2155,39.776,182.201,0
21.5661,16.1045,2.6703,0.3503,0.241,4.8524,-23.9776,8.6312,38.2136,87.9327,1
178.3754,48.6087,3.8877,0.1557,0.0918,-76.40100000000002,-165.0751,-7.0248,60.5954,342.8572,1
39.0068,11.0921,2.5969,0.5615,0.3623,5.295,40.9484,4.9060000000000015,47.2775,189.1251,1
16.5794,10.1502,2.3312,0.4755,0.2639,24.6394,11.9279,9.1115,42.4078,263.5234,1
30.7003,13.6684,2.658,0.4264,0.2187,-2.211,12.0845,4.3089,2.2951,178.52700000000004,0
18.3451,10.9239,2.3766,0.7143,0.3676,14.6583,16.9312,-7.9411,10.1604,119.999,0
105.1759,20.717,3.1587,0.1923,0.0935,-161.9278,96.073,19.2764,58.0482,98.0775,1
19.8391,9.9073,2.281,0.6544,0.3796,7.1296,-16.3871,-10.7678,26.5117,190.636,0
12.59,11.8424,2.1538,0.6947,0.3754,-16.1464,9.8556,7.9256,84.3099,46.2508,0
86.7619,16.6586,2.9991,0.2725,0.1618,-54.7479,40.5963,14.6462,5.057,285.249,0
23.2615,13.518,2.3294,0.4778,0.2553,22.0703,15.0383,-7.2072,44.127,106.503,0
17.6918,7.5442,2.4103,0.5977,0.3226,-5.5609,1.0832,5.8182,49.5886,241.5591,1
78.8721,16.2411,2.971,0.2063,0.1096,1.9987,62.8347,10.7116,5.892,238.332,0
57.7671,21.54300000000001,3.0911,0.1711,0.0888,-127.732,50.8145,-3.8995,7.4076,214.866,0
21.2491,7.3014,2.5881,0.7113,0.4235,13.8611,13.8632,9.5248,45.7701,220.6692,1
158.566,20.3113,2.8837,0.6509999999999999,0.3523,-157.761,-49.77,20.9613,16.7015,338.706,1
30.3595,11.4298,2.3766,0.3782,0.1912,-49.3628,22.1543,8.5167,16.73,238.833,0
29.1545,12.6045,2.6679,0.449,0.2309,-25.4581,-13.112,-8.6614,24.7086,154.872,0
37.1028,16.6473,2.4735,0.4168,0.2269,-3.5985,31.1018,-11.808,71.6362,80.1942,1
34.3559,15.9664,2.7927,0.382,0.2087,-24.9097,-30.3497,15.5359,3.198,105.392,0
32.3497,11.2028,2.3097,0.5337,0.2971,22.5098,20.433,-8.9038,81.2924,122.9305,1
161.555,110.208,3.3851,0.136,0.0698,-43.54600000000001,-94.5333,-92.0508,58.62,141.773,1
57.5105,19.2637,2.9741,0.258,0.1385,59.5315,52.2129,-16.0005,3.837,227.06,0
25.6509,7.4142,2.3909,0.6667,0.3923,-11.6444,8.4259,5.066,15.7881,144.276,0
106.1422,24.5263,3.3461,0.29,0.1854,-52.4479,-75.1401,-16.4746,7.5751,336.0893,1
27.4814,23.5628,2.8017,0.2826,0.1492,4.5103,20.9656,-12.1436,81.4517,238.458,1
80.1827,23.7679,3.5853,0.1517,0.0944,43.4594,61.9575,-8.0893,1.891,223.572,0
32.9499,12.5784,2.7443,0.4583,0.2948,31.8076,22.0003,11.6583,41.9699,198.3992,1
102.152,24.0967,2.7792,0.3392,0.1887,-58.5274,-123.359,-20.769,74.1019,175.967,1
29.4939,11.5493,2.4533,0.4542,0.2412,12.8139,20.9796,9.859,10.11,134.075,0
29.6979,0.0,2.3284,0.6338,0.4014,0.0,0.0,-17.6355,9.01,105.221,0
73.2198,18.4237,2.6493,0.343,0.2007,57.6939,66.7052,7.5046,78.429,32.1918,1
246.847,119.294,3.5087,0.252,0.1403,-235.484,-257.29,-71.5425,54.97,347.79,1
23.0745,11.3649,2.4893,0.6224,0.3712,26.3584,8.5667,-3.1232,60.6173,205.76,1
32.9178,18.5352,2.9251,0.3125,0.1729,-10.6214,-25.9902,7.8666,7.387,229.296,0
29.5611,16.2612,2.5587,0.3204,0.1699,7.6545,-8.9151,-5.6478,23.721,118.679,0
196.616,35.4795,2.7415,0.5458,0.2928,-165.239,-129.687,18.6369,53.798,328.55800000000005,1
22.2257,0.0,2.0774,0.7531,0.4477,0.0,0.0,-10.0928,28.526,59.1405,0
82.934,39.7618,3.1444,0.2272,0.0848,-69.1487,-54.5626,-11.8712,26.4093,240.7969,1
67.8641,18.5765,3.1082,0.1988,0.1002,52.903,53.2713,14.0758,2.5919,211.423,0
18.0794,17.1041,2.3865,0.5051,0.2649,-18.0599,-14.3077,-13.3956,15.643,223.215,0
105.392,52.044,4.2771,0.069,0.0347,-106.21,79.342,33.292,3.107,278.6,0
50.7177,16.2483,2.7853,0.3738,0.2336,40.2145,46.0921,15.855,7.6056,224.009,0
53.4704,24.6754,3.0276,0.3125,0.16,3.834,-50.2421,12.5223,2.8916,264.305,0
27.7808,12.187,2.5051,0.4531,0.2484,-24.7152,-22.5079,-5.4611,83.101,232.06,1
21.0927,17.05,2.8052,0.4526,0.2498,-10.8097,9.5945,-12.9673,26.2364,252.133,1
72.6459,23.2236,3.1902,0.1426,0.0771,-60.2678,41.3896,13.6109,5.284,229.022,0
24.3173,14.045,2.3493,0.5011,0.2975,16.6193,14.1096,-11.5188,2.0464,175.21200000000005,0
25.8231,11.662,2.4886,0.3961,0.2159,-9.6338,-11.4662,4.2261,20.852,114.08,0
23.5348,15.0164,2.5198,0.4834,0.2674,6.6035,13.0289,5.5875,5.8248,163.178,0
45.2067,16.8321,2.7868,0.3382,0.2018,47.7894,43.4701,14.5961,17.765,236.387,0
86.7913,29.3805,3.5011,0.2741,0.1642,36.5091,43.5311,12.0049,2.2840000000000003,375.966,0
53.0521,22.055,2.9196,0.1805,0.0969,44.6238,23.9267,-11.1462,11.985,151.2,0
27.4853,20.164,2.5428,0.4155,0.2536,32.1097,21.6209,-17.7377,13.981,154.488,0
11.8465,10.9758,2.4908,0.6086,0.3112,27.7157,24.577,11.4227,27.3756,171.9282,1
24.8322,9.1005,2.4921,0.5862,0.3494,-6.3235,-11.4506,-2.7892,4.5268,175.637,0
77.0826,25.4232,3.4002,0.2006,0.1041,-53.2658,69.2391,-20.8604,5.0251,275.476,0
38.3229,31.2785,3.2961,0.1992,0.1145,4.6628,21.9823,-27.2385,7.47,109.393,0
115.264,14.0075,2.854,0.7544,0.4136,-88.2076,-117.486,8.4777,28.01,336.991,1
113.354,22.138,3.2743,0.2483,0.1348,-76.0552,67.9171,18.3859,4.8423,286.156,1
30.1806,12.909,2.4771,0.3833,0.195,11.203,20.5384,-5.1373,11.423,86.461,0
37.2577,12.0793,2.4354,0.35600000000000004,0.2037,5.1882,-17.8545,6.037000000000001,30.015,61.1727,1
20.3476,7.2308,2.081,0.7386,0.3776,-2.9636,10.6173,5.6011,63.632,121.179,0
98.2237,28.6677,3.5247,0.2907,0.146,-26.4037,36.7369,-23.7532,1.4305,394.68800000000016,0
91.1969,14.5046,2.7539,0.2328,0.1223,-33.2951,-86.4845,-8.9952,67.6457,184.9734,1
38.0261,14.9378,2.6875,0.4004,0.231,-35.8383,15.7637,-12.431,13.0541,146.565,0
32.9572,14.8179,2.3766,0.4370000000000001,0.2206,-3.135,-15.6034,-16.0488,21.1247,162.2,0
116.2,73.5958,3.5397,0.174,0.1003,-182.046,104.169,69.3052,18.216,185.311,1
31.3909,29.5248,2.918,0.4746,0.2651,14.1258,18.1114,-30.4852,7.575,173.622,1
30.4831,19.2097,2.5569,0.405,0.2067,28.9556,-15.1182,20.255,5.7732,167.261,0
40.7668,16.941,2.6444,0.2721,0.1395,-33.3876,-27.0849,8.2668,6.235,181.17,0
23.5828,19.1163,2.6776,0.3529,0.1922,35.4953,10.325,7.6602,9.3069,94.4397,0
135.8838,52.4818,3.4942,0.1159,0.0645,7.5169,188.7137,-45.8003,85.6517,288.441,1
41.5234,9.8326,2.4472,0.4071,0.2411,57.952,-24.6444,3.6668,0.265,188.701,0
111.372,43.2331,3.5877,0.2574,0.1405,8.0994,-113.263,27.1425,8.486,372.951,1
17.264,9.5686,2.3383,0.5855,0.3556,-3.0337,8.7888,5.3275,58.6985,189.7578,1
102.704,28.4177,3.2973,0.2249,0.1162,-115.627,74.9095,23.9032,1.4659,318.44,0
36.939,18.2265,3.0943,0.3477,0.1767,13.7988,27.5274,13.6707,7.1492,197.201,0
66.6014,23.7963,3.0992,0.1528,0.0768,-18.5514,16.4082,-13.546,2.4355,267.41,0
25.9826,13.9899,2.6556,0.4243,0.2906,15.9402,8.8205,7.689,4.752,94.0805,0
12.7778,11.5781,2.0434,0.7240000000000001,0.3846,-15.3271,7.2991,-11.1234,80.0492,174.695,0
13.0151,11.207,2.1189,0.7529,0.3764,6.4212,11.8171,0.0,52.8611,225.798,1
74.0709,21.5816,3.1941,0.22,0.1404,-60.0885,47.8255,15.6598,8.7773,299.725,0
39.0987,13.4678,2.6469,0.2976,0.1612,-7.2001,-22.0148,9.1786,70.0825,229.436,1
156.5331,19.959,2.7477,0.5351,0.2796,-158.313,89.5768,-22.5281,30.5091,210.5647,1
40.6832,17.2742,2.8785,0.2487,0.1356,36.8293,22.5909,-9.6469,13.5875,171.207,0
39.9254,14.1326,2.7963,0.3543,0.203,4.074,34.1295,12.6056,55.2698,216.3402,1
53.3331,21.4744,2.9287,0.231,0.1208,-12.7397,23.5127,12.3721,13.565,248.333,1
81.2642,10.6592,2.4942,0.3878,0.1939,86.1678,48.271,9.9464,1.28,194.187,0
53.3101,13.6421,2.4249,0.4248,0.2199,42.7687,7.3238,5.2374,85.0171,203.782,0
29.1562,13.4645,2.6772,0.4143,0.2114,10.5175,11.3395,10.6508,8.3777,174.145,0
23.9882,15.7351,2.3627,0.7313,0.3967,9.7435,19.7956,11.3523,26.8717,164.9807,1
27.7218,8.4941,2.4871,0.5961,0.3371,-10.9632,-20.9923,3.1798,59.0561,144.214,1
23.9965,16.2728,2.8609,0.4077,0.2252,9.4302,16.469,-9.2041,25.4216,189.416,0
32.3176,12.9147,2.7427,0.4213,0.2685,11.6103,26.2194,-10.7021,12.306,192.904,0
34.2778,17.2361,2.6289,0.3243,0.1798,-51.7938,12.2221,-9.7122,42.68600000000001,179.12,0
96.8365,18.7737,3.0763,0.2005,0.1036,37.3768,93.4159,-16.7148,7.8896,265.573,0
24.9766,15.7262,2.5635,0.5219,0.3538,20.7198,25.4249,14.3234,2.298,124.449,0
29.2419,11.1869,2.3909,0.4593,0.2622,21.2664,-17.9436,-10.6449,3.426,170.813,0
62.1376,23.3124,3.3193,0.2325,0.1215,38.1039,64.4663,6.6418,8.626,250.738,0
40.4156,17.715,2.7835,0.2634,0.1342,25.6924,-16.5241,8.8004,0.8645,235.717,0
67.0326,20.1726,2.823,0.2452,0.1369,36.1986,-35.4383,25.655,23.76,156.6861,1
64.0183,26.8934,3.2139,0.19,0.1072,4.0659,47.5424,16.6488,2.9665,171.31900000000005,0
59.8461,38.4766,2.8871,0.262,0.1524,69.2133,42.4882,-24.6622,3.465,257.031,0
41.7967,17.4889,2.8782,0.266,0.1383,-4.6361,15.0798,9.3551,17.537,206.47,0
30.401,22.7795,2.7324,0.2759,0.1657,-2.7792,16.5009,12.6533,11.3638,127.633,0
19.7452,12.6244,2.4191,0.5181,0.2724,-17.0574,-12.5602,6.6642,86.9934,68.2801,1
12.9938,11.11,2.3701,0.7505,0.4328,-14.4867,6.4619,-10.5565,17.483,136.881,0
47.3271,23.1339,2.9248,0.22,0.1266,59.9661,-8.1362,10.4029,2.982,210.249,0
22.4056,18.9902,2.7427,0.3345,0.1673,26.1587,17.9934,10.7812,71.429,109.319,1
92.8875,29.5407,3.7439,0.1827,0.111,-4.4245,62.6831,-20.4523,3.2913,323.935,0
16.8782,12.2498,2.2665,0.6139,0.3967,7.6683,4.1109,-7.1183,83.4539,147.2327,1
17.916,10.1641,2.4326,0.604,0.3536,21.6839,8.2643,-2.1832,10.0018,221.9027,1
202.5795,65.7137,4.6453,0.0506,0.0242,169.2967,141.2312,45.2807,36.7271,104.8435,1
23.7917,9.0402,2.5048,0.8336,0.4771,12.4407,26.9068,7.7274,17.5103,142.1093,1
