-0.24745,1.9368,-2.4697,-0.80518
3.3577,-4.3062,6.0241,0.18274
-1.48,-10.5244,9.9176,-0.5026
-1.8348,11.0334,3.1863,-4.8888
-2.5961,-9.349,9.7942,-0.28018000000000004
4.3398,-5.3036,3.8803,-0.70432
-2.3983,12.606,2.9464,-5.7888
-1.5078,-7.3191,7.8981,1.2289
3.4669,6.87,-1.0568,-0.73147
-0.90784,-7.9026,6.7807,0.34179
3.9121,2.9735,0.92852,0.60558
-1.6936,2.7852,-2.1835,-1.9276
-1.4572,9.1214,1.7425,-5.1241
2.4226,-4.5752,5.947,0.21507
-1.9458,11.2217,1.9079,-3.4405
-1.9423,0.3766,-1.2898,-0.82458
-6.1536,7.9295,0.61663,-3.2646
-1.786,-8.1157,7.0858,-1.2112
1.7331,3.9544,-4.7412,-2.5017
3.946,6.8514,-1.5443,-0.5582
3.5982,7.1307,-1.3035,0.21248000000000006
0.74428,-3.7723,1.6131,1.5754
4.3435,3.3295,0.83598,0.64955
-0.83121,0.039307,0.05369,-0.23105
-2.0046,-0.49457,1.3330000000000002,1.6543
-2.6479,10.1374,-1.331,-5.4707
-3.7747,2.5162,0.83341,-0.30993000000000004
3.4092,5.4049,-2.5228,-0.8995799999999999
-2.0659,1.0512,-0.46298,-1.0974
4.2406,-2.4852,1.608,0.7155
-3.0731,-0.53181,2.3877,0.77627
1.3451,0.23589,-1.8785,1.3258
-1.9116,-6.1603,5.606,0.48533
-1.8969,-6.7893,5.2761,-0.32544
0.3798,0.7098,0.7572,-0.4444
-2.3299,-9.9532,8.4756,-1.8733
-1.7582,2.7397,-2.5323,-2.234
4.7926,1.7071,-0.051701,1.4926
0.77765,5.9781,1.1941,-0.3526
0.33111,4.5731,2.057,-0.18967
2.0421,1.2436,4.2171,0.90429
0.3434,0.12415,-0.28733000000000003,0.14654
-0.78689,9.5663,-3.7867,-7.5034
2.6213,5.7919,0.06568600000000001,-1.5759
-4.1409,3.4619,-0.4784100000000001,-3.8879
-2.2625,-0.099335,2.8127,0.48662
1.7619999999999998,4.3682,2.1384,0.75429
3.8969,7.4163,-1.8245,0.14007
4.5459,8.1674,-2.4586,-1.4621
-2.5919,-1.0553,3.8949,0.77757
-0.10234,1.8189,-2.2169,-0.56725
0.85574,0.0082678,6.6042,-0.53104
-0.278,8.1881,-3.1338,-2.5276
-3.6053,-5.974,10.0916,-0.8284600000000001
-1.4446,2.1438,-0.4724100000000001,-1.6677
0.5706,-0.0248,1.2421,-0.5621
2.9543,1.0759999999999998,0.64577,0.89394
5.3915,9.9946,-3.8081,-3.3642
1.6349,3.286,2.8753,0.08705399999999999
4.988,7.2052,-3.2846,-1.1608
3.8027,0.81529,2.1041,1.0245
0.3292,-4.4552,4.5718,-0.9888
-3.0866,-6.6362,10.5405,-0.8918200000000001
1.3114,4.5462,2.2935,0.22541
1.0009,7.7846,-0.28219,-2.6608
0.39559,6.8866,1.0588,-0.67587
-0.0012852,0.13863,-0.19651,0.0081754
-0.17296,-1.1816,1.3818,0.7336
4.5691,-4.4552,3.1769,0.004296100000000001
-0.21661,8.0329,1.8848,-3.8853
2.5068,1.1588,3.9249,0.12585
-0.11996,6.8741,0.91995,-0.6694
-0.8734,-0.033118,-0.20165,0.55774
4.7072,8.2957,-2.5605,-1.4905
-3.518,2.8763,0.1548,-1.2086
-2.5665,-6.8824,7.5416,0.7077399999999999
-0.95923,-6.7128,4.9857,0.32886
4.4069,10.9072,-4.5775,-4.4271
0.5706,-0.0248,1.2421,-0.5621
3.8905,-2.1521,2.6302,1.1047
2.2634,-4.4862,3.6558,-0.61251
0.96708,3.8426,-4.9314,-4.1323
-0.51003,-0.23591,0.020273,0.76334
1.6988,2.9094,2.9044,0.11033
0.55298,-3.4619,1.7048,1.1008
3.2051,8.6889,-2.9033,-0.7819
2.1526,-6.1665,8.0831,-0.34355
-0.9854,-6.6610000000000005,5.8245,0.5461
4.1605,11.2196,-3.6136,-4.0819
3.5829,1.4423,1.0219,1.4008
0.22432,-0.52147,-0.40386,1.2017
3.3951,1.1484,2.1401,2.0862
-1.3887,-4.8773,6.4774,0.34179
1.5478,9.1814,-1.6326,-1.7375
1.1518,1.3864,5.2727,-0.43536
2.3729,10.4726,-3.0087,-3.2013
-3.9933,2.6218,0.62863,-1.1595
2.6415,7.586,-0.28562,-1.6677
1.0191,2.33,4.9334,0.82929
-0.39416,-0.020702,-0.06626699999999999,-0.44699
-5.6370000000000005,8.1261,0.13080999999999998,-5.0142
3.4246,-0.14693,0.80342,0.29136
-5.1661,8.0433,0.044265,-4.4983
-1.0744,-6.3113,5.355,0.80472
-0.49281,3.0605,-1.8356,-2.834
3.5499,8.6165,-3.2794,-1.2009
-0.21394,-0.68287,0.096532,1.1965
-0.62043,0.5587,-0.38587,-0.66423
0.38251,6.8121,1.8128,-0.61251
0.66018,10.3878,-1.4029,-3.9151
0.6818,4.8504,-5.2133,-6.1043
0.50813,0.47799,-1.9804,0.57714
-0.9607,2.6963,-3.1226,-1.3121
0.90407,3.3708,-4.4987,-3.6965
-1.8411,10.8306,2.769,-3.0901
2.3952,9.5083,-3.1783,-3.0086
0.27331,4.8773,-4.9194,-5.8198
1.164,3.913,-4.5544,-3.8672
3.2351,9.647,-3.2074,-2.5948
3.4642,10.6878,-3.4071,-4.109
-1.2667,2.8183,-2.426,-1.8862
-2.0754,1.2767,-0.6420600000000001,-1.2642
-6.1632,8.7096,-0.21621,-3.6345
-1.2244,1.7485,-1.4801,-1.4181
-1.7101,-8.7903,7.9735,-0.45475
4.052,-0.16555,0.45383,0.51248
1.6408,4.2503,-4.9023,-2.6621
-1.6514,-8.4985,9.1122,1.2379
2.8297,6.3485,-0.73546,-0.58665
-0.092194,0.39315,-0.32846,-0.13794
3.2585,-4.4614,3.8024,-0.15087
-1.4174,-2.2535,1.518,0.6198100000000001
2.0193,0.8235600000000001,4.6369,1.4202
1.0182,9.109,-0.62064,-1.7129
3.4591,11.112,-4.2039,-5.0931
2.994,7.2011,-1.2153,0.3211
1.8993,7.6625,0.15394000000000002,-3.1108
3.5288,0.71596,1.9507,1.9375
-0.89569,3.0025,-3.6067,-3.4457
-0.4294,-0.14693,0.044265,-0.15605
-2.3277,1.4381,-0.82114,-1.2862
4.223,1.1319,0.72202,0.96118
0.14783,7.9460000000000015,1.0742,-3.3409
0.040498,8.5234,1.4461,-3.9306
-2.7914,1.7734,6.7756,-0.39915
-1.0941,2.3072,-2.5237,-1.4453
-3.0,-9.1566,9.5766,-0.73018
3.5251,0.7201,1.6928,0.6443800000000001
0.54777,10.3754,-1.5435,-4.1633
3.3669,-5.1856,3.6935,-1.1427
-1.8483,0.31038000000000004,0.77344,1.4189
-1.7976,-6.7686,6.6753,0.89912
5.4021,3.1039,-1.1536,1.5651
-0.94255,0.039307,-0.24192,0.31593000000000004
3.5127,2.9073,1.0579,0.40774
2.8237,2.8597,0.19678,0.57196
3.4626,-4.449,3.5427,0.15429
0.96574,8.392999999999999,-1.361,-1.4659
-3.506,-12.5667,15.1606,-0.75216
0.56953,7.6294,1.5754,-3.2233
-0.2062,9.2207,-3.7044,-6.8103
-2.286,-5.4484,5.8039,0.88231
2.3917,4.5565,-4.9888,-2.8987
4.1962,0.74493,0.8325600000000001,0.753
3.9382,0.9291,0.7854300000000001,0.6767
0.3292,-4.4552,4.5718,-0.9888
0.84546,3.4826,-3.6307,-1.3961
3.7982,10.423,-4.1602,-4.9728
1.9476,-4.7738,8.527000000000001,-1.8668
3.3756,-4.0951,4.367,1.0698
0.49571,10.2243,-1.097,-4.0159
4.3848,-3.0729,3.0423,1.2741
1.4806,7.6377,-2.7876,-1.0341
4.0932,5.4132,-1.8219,0.23576
-1.1667,-1.4237,2.9241,0.6611899999999999
-1.5055,0.070346,6.8681,-0.50648
3.6575,7.2797,-2.2692,-1.144
-1.4233,-0.98912,2.3586,0.39481
-0.11783,-1.5789,8.03,-0.028031
-1.749,-6.332000000000002,6.0987,0.14265999999999998
0.2346,-4.5152,2.1195,1.4448
4.1425,-3.6792,3.8281,1.6297
5.591,10.4643,-4.3839,-4.3379
2.031,1.852,-3.0121,0.003003
-4.2249,6.2699,0.15822,-5.5457
-3.5681,-8.213,10.083,0.96765
2.8969,0.70768,2.29,1.8663
1.9358,8.1654,-0.023425,-2.2586
0.95626,2.4728,4.4578,0.21636
-5.3857,9.1214,-0.41929,-5.9181
3.8496,9.7939,-4.1508,-4.4582
0.11032,1.9741,-3.3668,-0.65259
-1.2537,10.8803,1.931,-4.3237
4.6352,-3.0087,2.6773,1.212
4.4072,-0.070365,2.0416,1.1319
-0.76794,3.4598,-3.4405,-3.4276
-1.7886,-6.3486,5.6154,0.42584
3.1060000000000003,9.5414,-4.2536,-4.003
2.9719,6.8369,-0.2702,0.71291
3.583,-3.7971,3.4391,-0.12500999999999998
-3.9411,-12.8792,13.0597,-3.3125
2.0962,2.4769,1.9379,-0.040962
-3.8203,-13.0551,16.9583,-2.3052
3.9771,11.1513,-3.9272,-4.3444
3.7522,-3.6978,3.9943,1.3051
4.0127,10.1477,-3.9366,-4.0728
-3.1128,-6.841,10.7402,-1.0172
-2.0529,3.8385,-0.7954399999999999,-1.2138
4.0422,-4.391,4.7466,1.137
1.9429,6.3961,0.092248,0.58102
3.5761,9.7753,-3.9795,-3.4638
-0.40857,3.0977,-2.9607,-2.6892
2.1274,5.1939,-1.7971,-1.1763
-2.9098,-10.0712,8.4156,-1.9948
4.3846,-4.8794,3.3662,-0.029324
-0.33729000000000003,-0.64976,7.6659,0.72326
4.8368,10.0132,-4.3239,-4.3276
3.4465,2.9508,1.0271,0.5461
2.4196,6.4665,-0.75688,0.228
-1.5877,-6.6072,5.8022,0.31593000000000004
4.3483,11.1079,-4.0857,-4.2539
-1.8584,7.886,-1.6643,-1.8384
3.1452,5.825,-0.51439,-1.4944
-1.3,10.2678,-2.9530000000000003,-5.8638
1.2999,2.5762,2.0107,-0.18967
-3.3125,0.10139,0.55323,-0.2957
1.8205,6.7562,0.0099913,0.39481
4.6765,-3.3895,3.4896,1.4771
0.52855,0.96427,4.0243,-1.0483
1.2247,8.7779,-2.2135,-0.80647
-2.2083,-9.1069,8.9991,-0.28406
-0.023579,7.1742,0.78457,-0.75734
4.7285,2.1065,-0.28305,1.5625
-2.8957,-12.0205,11.9149,-2.7552
-2.5701,-6.8452,8.9999,2.1353
0.066129,2.4914,-2.9401,-0.62156
-0.7784800000000001,3.4019,-3.4859,-3.5569
2.6917,10.8161,-3.3,-4.2888
0.5195,-3.2633,3.0895,-0.9849
2.9499,2.2493,1.3458,-0.037083
-4.1244,3.7909,-0.6532,-4.1802
-0.8172,3.3812,-3.6684,-3.4560000000000004
4.1927,-3.2674,2.5839,0.21766
-1.4628,-1.5706,2.4357,0.49826
0.3292,-4.4552,4.5718,-0.9888
1.7939,-1.1174,1.5454,-0.26079
3.1541,-5.1711,6.5991,0.57455
2.486,-0.99533,5.3404,-0.15475
-2.588,3.8654,-0.3336,-1.2797
-2.5373,-6.959,8.8054,1.5289
0.11592,3.2219,-3.4302,-2.8457
0.5706,-0.0248,1.2421,-0.5621
1.6849,8.7489,-1.2641,-1.3858
0.12126,0.22347,-0.47327,0.97024
3.8213,0.23175,2.0133,2.0564
0.58836,10.7727,-1.3884,-4.3276
1.0987,0.6394,5.989,-0.58277
2.1265,6.8783,0.44784,-2.2224
-4.5531,-12.5854,15.4417,-1.4983
2.8084,11.3045,-3.3394,-4.4194
-4.7462,3.1205,1.075,-1.2966
4.2188,6.8162,-1.2804,0.76076
2.8523,9.0096,-3.761,-3.3371
5.1731,3.9606,-1.983,0.40774
0.46901,-0.63321,7.3848,0.36507
1.9321,6.0423,0.26019000000000003,-2.053
4.0215,-2.1914,2.4648,1.1409
0.17346,7.8695,0.26876,-3.7883
-3.0799,0.60836,2.7039,-0.23751
-3.5713,-12.4922,14.8881,-0.47027
-2.799,1.9679,-0.42357,-2.1125
-1.5572,-9.8808,8.1088,-1.0806
4.2134,-2.806,2.0116,0.6741199999999999
1.5799,-4.7076,7.9186,-1.5487
4.6054,-4.0765,2.7587,0.31981
-2.0336,-1.4092,1.1582,0.36507
-1.9551,-6.9756,5.5383,-0.12889
3.7935,7.9853,-2.5477,-1.872
-1.8629,-0.84841,2.5377,0.097399
3.2422,6.2265,0.12224000000000003,-1.4466
-2.1405,-0.16762,1.321,-0.20906
3.5358,6.7086,-0.81857,0.4788600000000001
2.4673,1.3926,1.7125,0.41421
-1.2528,10.2036,2.1787,-5.6038
2.7161,-4.2006,4.1914,0.16981
1.602,6.1251,0.5292399999999999,0.4788600000000001
-2.659,-1.6058,1.3647,0.16464
0.86816,10.2429,-1.4912,-4.0082
0.74521,3.6357,-4.4044,-4.1414
-2.3797,-1.4402,1.1273,0.16076
-0.81479,-5.7381,4.3919,0.3211
0.77805,6.6424,-1.1425,-1.0573
-6.651,6.7934,0.68604,-7.5887
1.4378,0.66837,-2.0267,1.0271
-0.78289,11.3603,-0.37644,-7.0495
1.4276,8.3847,-2.0995,-1.9677
-3.0986,-10.4602,8.9717,-2.3427
-2.0285,3.8468,-0.63435,-1.175
4.9264,5.496,-2.4774,-0.50648
-1.3274,9.498,2.4408,-5.2689
-5.0477,-5.8023,11.244000000000002,-0.3901
1.1644,3.8095,-4.9408,-4.0909
-0.048008,-0.5607800000000001,7.7215,0.453
1.2138,8.7986,-2.1672,-0.74182
0.5393600000000001,3.8944,-4.8166,-4.3418
-3.3458,-0.5049100000000001,2.6328,0.53705
-4.1429,2.7749,0.68261,-0.7198399999999999
0.37637,-0.82358,0.7854300000000001,0.74524
-0.53966,7.3273,0.46583,-1.4543
-0.69745,-1.7672,-0.34474,-0.12372
0.40614,1.3492,-1.4501,-0.5594899999999999
-2.9915,-6.6258,8.6521,1.8198
2.8209,7.3108,-0.81857,-1.8784
-0.40804,0.54214,-0.52725,0.6586
-5.8818,7.6584,0.5558,-2.9155
2.7206,9.0821,-3.3111,-0.96811
-2.5346,-0.7739199999999999,3.3602,0.00171
2.6562,10.7044,-3.3085,-4.0767
-2.2482,3.0915,-2.3969,-2.6711
2.6606,3.1681,1.9619,0.18662
-1.3931,1.5664,7.5382,0.78403
0.9297,-3.7971,4.6429,-0.2957
0.96414,5.6160000000000005,2.2138,-0.12500999999999998
0.8329200000000001,7.5404,0.65005,-0.92544
-1.6029,-0.38903,1.62,1.9103
0.9297,-3.7971,4.6429,-0.2957
0.25943,5.0097,-5.0394,-6.3862
-0.62684,-6.301,4.7843,1.106
2.2517,-5.1422,4.2916,-1.2487
3.8417,10.0215,-4.2699,-4.9159
3.0632,-3.3315,5.1305,0.8267
2.4486,-6.3175,7.9632,0.20602
-1.8219,-6.8824,5.4681,0.057313
2.8672,10.0008,-3.2049,-3.1095
-1.8356,-6.7562,5.0585,-0.5504399999999999
-3.8552,3.5219,-0.38415,-3.8608
-3.5916,-6.2285,10.2389,-1.1543
-1.7322,-9.2828,7.7189999999999985,-1.7168
-4.8426,-4.9932,10.4052,-0.53104
-7.0421,9.2,0.25933,-4.6832
-2.4554,-9.0407,8.862,-0.8698299999999999
1.5456,8.5482,0.4187,-2.1784
-0.49081,2.8452,-3.6436,-3.1004
2.1752,-0.8091,5.1022,-0.67975
0.48797,3.5674,-4.3882,-3.8116
4.0405,0.5152399999999999,1.0279,1.106
4.8278,7.7598,-2.4491,-1.2216
0.38478,6.5989,-0.3336,-0.56466
-4.0214,-12.8006,15.6199,-0.95647
-3.4917,-12.1736,14.3689,-0.61639
-2.8833,1.7713,0.6894600000000001,-0.4638
1.9265,7.7557,-0.16823,-3.0771
5.6084,10.3009,-4.8003,-4.3534
1.4507,8.7903,-2.2324,-0.65259
3.8999,1.734,1.6011,0.96765
3.0242,-3.3378,2.5865,-0.54785
2.5328,7.528,-0.41929,-2.6478
4.0715,7.6398,-2.0824,-1.1698
-1.8343,-6.5907,5.6429,0.54998
1.5902,2.2948,3.2403,0.18404
1.7819,6.9176,-1.2744,-1.5759
-1.5768,10.843,2.5462,-2.9362
-2.4621,2.7645,-0.62578,-2.8573
5.4944,1.5478,0.041694,1.9284
1.3183,1.9017,-3.3111,0.065071
-4.0679,2.4955,0.79571,-1.1039
1.8592,3.2074,-0.15966,-0.26208000000000004
-1.2786,-2.4087,4.5735,0.47627
4.6562,7.6398,-2.4243,-1.2384
0.3223,-0.8980799999999999,8.0883,0.69222
-3.3604,-0.32696,2.1324,0.6017
-1.2576,1.5892,7.0078,0.42455
-3.3553,0.35591,2.6473,-0.37846
-1.3414,-1.9162,-0.15538,-0.11984000000000003
-1.5449,-10.1498,9.6152,-1.2332
-3.2051,-0.14279,0.97565,0.045675
3.3004,7.0811,-1.3258,0.22283000000000006
0.518,0.25865,-0.84085,0.96118
0.23874,2.0879,-3.3522,-0.6655300000000001
3.866,-2.6383,1.9242,0.10645
-4.3773,-5.5167,10.939,-0.4082
-1.6162,0.80908,8.1628,0.60817
1.0552,1.1857,-2.6411,0.11033
-1.9409,-8.6848,9.155,0.94049
3.4805,9.7008,-3.7541,-3.4379
-2.0545,-10.8679,9.4926,-1.4116
0.64295,7.1018,0.3493,-0.41337
3.6216,8.6661,-2.8073,-0.44699
-2.2261,12.5398,2.9438,-3.5258
-2.9662,-10.3257,8.783999999999999,-2.1138
0.74307,11.17,-1.3824,-4.0728
3.2414,0.40971,1.4015,1.1952
-1.4106,-7.108,5.6454,0.31335
-0.49241,0.89392,-1.6283,-0.5685399999999999
0.91315,3.3377,-4.0557,-1.6741
3.0329,2.2948,2.1135,0.35084
5.032,8.2026,-2.6256,-1.0341
3.2403,-3.7082,5.2804,0.4129100000000001
1.742,-4.809,8.2142,-2.0659
3.4769,-0.15314,2.53,2.4495
-0.65767,-2.8018,3.7115,0.99739
3.9414,-3.2902,3.1674,1.0866
-0.29858,2.4769,-2.9512,-0.66165
2.0139,6.1416,0.37929,0.56938
0.27451,9.2186,-3.2863,-4.8448
-5.4901,9.1048,-0.38758,-5.9763
-2.0897,10.8265,2.3603,-3.4198
4.9923,7.8653,-2.3515,-0.7198399999999999
0.5593899999999999,-0.3104,0.18307,0.44653
2.8261,9.4007,-3.3034,-1.0509
-1.8584,7.886,-1.6643,-1.8384
-1.5732,1.0636,-0.71232,-0.8388
-0.66008,-3.2260000000000004,3.8058,1.1836
-1.0555,0.79459,-1.6968,-0.46768
-3.1366,0.42212,2.6225,-0.064238
2.483,6.6155,-0.79287,-0.90863
-2.2617,-4.7428,6.3489,0.11162
-3.9934,5.8333,0.54723,-4.9379
-2.1234,1.1815,-0.55552,-0.81165
2.9742,8.96,-2.9024,-1.0379
-4.1958,-8.1819,12.1291,-1.6017
4.1736,3.3336,-1.4244,0.60429
4.7965,6.9859,-1.9967,-0.35001
2.5698,-4.4076,5.9856,0.078002
0.14329,-1.0885,1.0039,0.48791
4.0329,0.23175,0.8908200000000001,1.1823
-1.7263,-6.0237,5.2419,0.29524
-1.0401,9.3987,0.85998,-5.3336
2.2123,-5.8395,7.7687,-0.8530200000000001
4.9294,0.27727,0.20792,0.33662
-1.5851,-2.1562,1.7082,0.9017
5.0297,-4.9704,3.5025,-0.23751
5.7353,5.2808,-2.2598,0.075416
-2.6989,12.1984,0.67661,-8.5482
3.5912,3.0129,0.72888,0.56421
-0.6987899999999999,-3.3771,4.1211,1.5043
3.3583,10.3567,-3.7301,-3.6991
2.9736,8.7944,-3.6359,-1.3754
-2.258,-9.3263,9.3727,-0.85949
4.7114,2.0755,-0.2702,1.2379
-1.2943,2.6735,-0.84085,-2.0323
-2.4473,12.6247,0.73573,-7.6612
1.0607,2.4542,2.5188,-0.17027
0.86736,5.5643,1.6765,-0.16769
0.68087,2.3259,4.9085,0.54998
2.1948,1.3781,1.1582,0.85774
1.8384,6.063,0.54723,0.51248
0.0096613,3.5612,-4.407,-4.4103
-0.21888,-2.2038,-0.0954,0.56421
1.3403,4.1323,-4.7018,-2.5987
-2.4349,-9.2497,8.9922,-0.5000100000000001
-0.77688,0.13036,-0.031137,-0.35389
-3.5933,0.22968,0.7126,-0.3332
3.4566,9.5228,-4.0112,-3.5944
-1.8215,2.7521,-0.7226100000000001,-2.353
0.33565,6.8369,0.69718,-0.55691
3.9479,-3.7723,2.883,0.019813
-2.5754,-5.6574,6.103,0.6521399999999999
1.0637,3.6957,-4.1594,-1.9379
5.3586,3.7557,-1.7345,1.0789
5.0617,-0.35799000000000003,0.44698,0.99868
4.1038,-4.8069,3.3491,-0.49225
-1.9881,0.99945,-0.28562,-0.70044
-0.41965,2.9094,-1.7859,-2.2069
-1.3389,1.5519999999999998,7.0806,1.031
3.744,0.79459,0.95851,1.0077
4.2586,11.2962,-4.0943,-4.3457
0.81583,4.84,-5.2613,-6.0823
-0.11716,0.60422,-0.38587,-0.059065
-2.7143,11.4535,2.1092,-3.9629
-1.8554,-9.6035,7.7764,-0.97716
2.7213,7.05,-0.58808,0.41809
-0.062025,6.1975,1.099,-1.131
0.87256,9.2931,-0.7843,-2.1978
3.4916,8.5709,-3.0326,-0.59182
2.9163,10.8306,-3.3437,-4.122
5.2012,0.32694,0.17965,1.1797
3.2704,6.9321,-1.0456,0.23447
-4.7331,-6.1789,11.388,-1.0741
-0.70867,-5.5602,4.0483,0.903
2.2928,9.0386,-3.2417,-1.2991
-1.5322,-5.0966,6.6779,0.17498
2.4008,9.3593,-3.3565,-3.3526
-2.4835,-7.4494,6.8964,-0.64484
1.9647,6.9383,0.57722,0.66377
0.66365,-0.045533,-0.18794,0.23447
-5.2049,7.258999999999999,0.070827,-7.3004
-1.7479,-5.823,5.8699,1.212
0.24835,7.6439,0.9885,-0.87371
1.6406,3.5488,1.3964,-0.36424
1.3754,8.8793,-1.9136,-0.53751
2.2279,4.0951,-4.8037,-2.1112
0.21431,-0.69529,0.8771100000000001,0.29653
-0.3489,3.1929,-3.4054,-3.1832
-1.239,-6.541,4.8151,-0.033204000000000004
-1.5951,-6.572,4.7689,-0.94354
-2.341,12.3784,0.70403,-7.5836
-0.55355,-7.9233,6.7156,0.7439399999999999
-2.4365,3.6026,-1.4166,-2.8948
0.017269999999999997,8.693,1.3989,-3.9668
-3.9204,4.0723,-0.23678,-2.1151
-1.8439,-8.6475,7.6796,-0.66682
-0.82053,0.65181,-0.48869,-0.5271600000000001
2.9695,5.6222,0.27561,-1.1556
3.5156,10.1891,-4.2759,-4.978
-0.91318,-2.0113,-0.19565,0.066365
1.8994,0.97462,4.2265,0.81377
5.7867,7.8902,-2.6196,-0.48708
0.7712399999999999,9.0862,-1.2281,-1.4996
0.96788,7.1907,1.2798,-2.4565
-1.6637,3.2881,-2.2701,-2.2224
1.3049,-0.15521,6.4911,-0.75346
0.049175,6.1437,1.7828,-0.72113
2.1059,7.6046,-0.47755,-1.8461
3.966,3.9213,0.7057399999999999,0.33662
3.8244,-3.1081,2.4537,0.5202399999999999
-3.6012,-6.5389,10.5234,-0.48967
2.093,8.3061,0.022844,-3.2724
1.6799,4.2068,-4.5398,-2.3931
1.7452,4.8028,2.0878,0.62627
5.8519,5.3905,-2.4037,-0.061652
-5.1216,-5.3118,10.3846,-1.0612
1.2279,4.0309,-4.6435,-3.9125
1.934,-9.2828e-06,4.816,-0.33967
0.5623199999999999,1.0015,-2.2726,-0.0060486
4.0948,-2.9674,2.3689,0.75429
-2.3361,11.9604,3.0835,-5.4435
0.5195,-3.2633,3.0895,-0.9849
3.0864,-2.5845,2.2309,0.30947
-0.46651,2.3383,-2.9812,-1.0431
5.7823,5.5788,-2.4089,-0.056479
-2.4458,1.6285,-0.88541,-1.4802
-0.8954200000000001,2.0279,-2.3652,-1.2746
4.8906,-3.3584,3.4202,1.0905
-2.899,-0.60424,2.6045,1.3776
4.0552,-2.4583,2.2806,1.0323
5.2620000000000005,3.9834,-1.5572,1.0103
-1.6706,-2.09,1.584,0.71162
1.7317,-0.34765,4.1905,-0.99138
0.39012,-0.14279,-0.031994,0.35084
-2.9821,4.1986,-0.5898,-3.9642
3.8584,0.78425,1.1033,1.7008
5.7227,5.8312,-2.4097,-0.24527
-0.60254,1.7237,-2.1501,-0.77027
0.59823,3.5012,-3.9795,-1.7841
1.7747,-6.4334,8.15,-0.89828
-1.6952,1.0657,8.8294,0.94955
3.404,8.7261,-2.9915,-0.5724199999999999
-0.30432,2.6528,-2.7756,-0.65647
0.025013,3.3998,-4.4327,-4.2655
-1.7589,-6.4624,8.4773,0.31981
-2.234,-7.0314,7.4936,0.61334
0.045304,6.7334,1.0708,-0.9332
-0.64326,2.4748,-2.9452,-1.0276
-4.244,-13.0634,17.1116,-2.8017
-3.2692,-12.7406,15.5573,-0.14182
4.0972,0.46972,1.6671,0.91593
-1.682,-6.8121,7.1398,1.3323
2.2546,8.0992,-0.24877,-3.2698
5.1129,-0.49871,0.62863,1.1189
0.26877,4.987,-5.1508,-6.3913
-1.4094,-2.1252,-0.10397,-0.19225
-2.6286,0.18002,1.7956,0.97282
3.6289,0.8132199999999999,1.6277,0.77627
3.8023,-3.8696,4.044,0.95343
4.7432,2.1086,0.1368,1.6543
-6.2815,6.6651,0.52581,-7.0107
1.1472,3.5985,1.9387,-0.4340600000000001
1.9572,-5.1153,8.6127,-1.4297
0.37984,0.70975,0.75716,-0.44441
-1.005,0.08483099999999999,-0.2462,0.45688
-2.6479,10.1374,-1.331,-5.4707
-5.0301,7.5032,-0.13396,-7.5034
1.2572,4.8731,-5.2861,-5.8741
2.229,9.6325,-3.1123,-2.7164
4.8265,0.80287,1.6371,1.1875
1.0652,8.3682,-1.4004,-1.6509
2.3136,10.6651,-3.5288,-4.7672
0.6549699999999999,5.1815,1.0673,-0.42113
-7.0364,9.2931,0.16594,-4.5396
3.9294,1.4112,1.8076,0.8978200000000001
-4.4996,3.4288,0.56265,-1.1672
5.0429,-0.52974,0.50439,1.106
4.0296,2.6756,0.80685,0.7167899999999999
1.162,10.2926,-1.2821,-4.0392
0.5746100000000001,10.1105,-1.6917,-4.3922
0.16358,-3.3584,1.3749,1.3569
-6.3364,9.2848,0.014275,-6.7844
0.8620200000000001,2.6963,4.2908,0.5473899999999999
-4.4779,7.3708,-0.31218,-6.7754
0.32444,10.067,-1.1982,-4.1284
-1.6001,-9.5828,9.4044,0.08188200000000001
5.504,10.3671,-4.413,-4.0211
4.6439,-3.3729,2.5976,0.55257
1.04,-6.9321,8.2888,-1.2991
1.645,7.8612,-0.87598,-3.5569
-5.119,6.6486,-0.049987,-6.5206
1.3562,3.2136,4.3465,0.78662
1.5904,2.2121,-3.1183,-0.11725
-1.7015,-0.010356,-0.99337,-0.53104
3.9262,6.0299,-2.0156,-0.06553099999999999
1.4884,3.6274,3.3080000000000003,0.48921
4.9249,0.68906,0.77344,1.2095
0.51947,-3.2633,3.0895,-0.98492
-1.0833,-0.31247,1.2815,0.4129100000000001
0.4339,5.5395,2.033,-0.40432
1.0194,1.1029,-2.3,0.59395
-2.7723,3.2777,-0.9351,-3.1457
-0.8734,1.6533,-2.1964,-0.78061
1.7257,-4.4697,8.2219,-1.8073
4.6499,7.6336,-1.9427,-0.37458
-2.2214,-0.23798,0.56008,0.056020000000000014
5.0452,3.8964,-1.4304,0.8629100000000001
0.75736,3.0294,2.9164,-0.068117
-6.3679,8.0102,0.4247,-3.2207
-2.4725,-0.40145,1.4855,1.1189
5.0214,8.0764,-3.0515,-1.7155
2.0177,1.7982,-2.9581,0.2099
-2.5526,-7.3625,6.9255,-0.66811
3.7758,7.1783,-1.5195,0.40128
1.4479,-4.8794,8.3428,-2.1086
-1.3946,2.3134,-0.44499,-1.4905
-0.8471,3.1329,-3.0112,-2.9388
-1.3,10.2678,-2.9530000000000003,-5.8638
-2.3211,3.1660000000000004,-1.0002,-2.7151
5.681,7.795,-2.6848,-0.92544
2.0153,1.8479,3.1375,0.42843
0.5195,-3.2633,3.0895,-0.9849
0.88992,2.2638,-3.1046,-0.11855
-5.3012,7.3915,0.029699,-7.3987
-2.5084,-0.22763000000000005,1.4880000000000002,1.2069
-2.3147,3.6668,-0.6969,-1.2474
-6.5084,8.7696,0.23191,-3.937
-0.88728,2.8080000000000003,-3.1432,-1.2035
2.2429,-4.1427,5.2333,-0.40173
-1.8584,7.886,-1.6643,-1.8384
3.8644,3.7061,0.70403,0.35214
1.3518,1.0595,-2.3437,0.39998
3.5189,6.332000000000002,-1.7791,-0.020273
-0.77995,3.2322,-3.282,-3.1004
3.4359,0.6621600000000001,2.1041,1.8922
-2.7769,-5.6967,5.9179,0.37671
3.6702,2.9942,0.85141,0.30688000000000004
3.5438,1.2395,1.997,2.1547
-0.27802,8.1881,-3.1338,-2.5276
-2.9498,-8.273,10.2646,1.1629
1.208,4.0744,-4.7635,-2.6129
3.7022,6.9942,-1.8511,-0.12889
0.12326,8.9848,-0.9351,-2.4332
1.7875,4.78,-5.1362,-3.2362
2.6719,3.0646,0.37158,0.58619
4.4549,2.4976,1.0313,0.96894
-1.1306,1.8458,-1.3575,-1.3806
2.3066,3.5364,0.5755100000000001,0.41938
-0.75793,2.5349,-3.0464,-1.2629
-2.9786,2.3445,0.52667,-0.40173
-2.4953,11.1472,1.9353,-3.4638
-3.7573,-8.2916,10.3032,0.38059
-3.3203,-0.026910000000000003,2.9618,-0.44958
-3.6961,-13.6779,17.5795,-2.6181
4.3365,-3.584,3.6884,0.74912
2.5227,2.2369,2.7236,0.79438
2.5635,6.7769,-0.61979,0.38576
3.931,1.8541,-0.023425,1.2314
-0.5081600000000001,2.8680000000000003,-1.8108,-2.2612
-2.6406,-4.4159,5.983,-0.13924
-3.38,-0.7077,2.5325,0.71808
-2.564,-1.7051,1.5026,0.32757
-5.9034,6.5679,0.67661,-6.6797
-4.3876,-7.7267,11.9655,-1.4543
2.0911,0.94358,4.5512,1.234
2.6682,10.216,-3.4414,-4.0069
