0.48,1.51,0.27,4.1,4.28,5.47,5.97,6.16,3.34,3.29,1.67,0.76,1.19,-0.99,1.27,-1.1,-1.8,0.48,-0.32,-0.47,-0.19,1
0.58,-0.25,-0.26,0.41,-0.33,0.9,2.33,3.39,5.01,2.95,7.6,5.91,4.33,2.37,2.45,-0.26,1.73,-0.14,0.83,0.23,0.17,2
-1.01,-0.68,1.34,-0.68,0.15,0.16,0.45,3.71,2.86,3.17,5.06,4.04,2.77,2.45,1.32,0.74,0.18,0.65,-0.75,0.73,-0.41,1
-0.21,-0.17,1.52,1.08,0.24,4.02,2.27,5.72,3.1,3.02,3.51,4.86,4.3,2.13,1.19,0.55,0.25,0.13,-1.32,1.08,0.74,1
1.26,-0.26,-0.01,2.0,2.56,3.32,5.33,4.87,3.58,4.12,4.45,0.09,-0.11,-0.3,-0.31,-0.09,-2.68,-0.28,-1.51,0.65,0.94,1
0.5,-1.82,-1.3,-1.3,0.68,-1.85,1.55,-0.04,1.85,3.88,2.31,3.06,2.61,4.2,3.85,5.19,1.77,1.16,3.02,-0.44,-1.33,2
-1.4,-1.56,0.47,0.24,0.78,1.99,2.05,2.54,5.1,7.53,6.96,5.4,3.94,3.13,0.03,0.26,-1.27,-0.44,-0.2,-1.27,-0.72,1
0.45,0.03,-0.96,-2.38,0.36,1.7,1.3,1.95,2.47,3.33,4.78,3.37,3.64,3.96,4.01,2.72,1.35,3.37,1.62,-0.12,-1.6,2
1.98,-0.58,0.06,2.05,1.95,-1.45,0.45,-0.65,2.08,0.52,2.84,3.31,4.14,4.54,5.95,5.14,3.0,1.5,3.67,-0.6,-0.27,2
1.51,-1.47,2.21,2.87,1.81,3.09,4.7,3.79,2.86,3.71,3.44,2.15,1.85,1.1,1.88,-0.23,-1.95,-0.43,1.1,0.28,-0.39,1
-2.77,1.16,-1.86,-0.91,0.04,2.05,3.04,1.41,5.23,4.72,6.6,4.54,4.06,2.67,2.46,-0.86,-0.28,-0.84,1.02,0.41,-0.35,2
0.21,1.14,0.14,0.54,-1.1,0.03,-0.21,0.09,-0.76,0.83,0.66,3.09,5.28,4.47,5.47,3.1,2.25,3.08,2.23,1.5,0.19,2
-0.09,1.62,0.5,4.06,2.56,2.73,2.32,4.01,3.7,2.8,3.18,3.49,1.21,1.04,0.77,0.92,-0.7,-0.0,1.54,-0.76,1.01,1
0.65,1.01,-1.88,1.78,1.06,1.75,1.47,1.52,2.94,4.56,4.98,3.14,3.95,3.17,3.26,1.34,0.47,0.46,0.99,1.75,-0.75,2
-2.36,-1.03,-1.06,0.58,-0.12,0.14,0.43,-0.7,2.57,1.75,4.02,3.02,3.73,4.0,3.71,2.57,3.38,3.27,1.09,0.12,1.4,2
-1.73,0.39,0.43,1.47,-0.34,1.31,-1.34,2.27,-0.68,1.39,1.85,6.82,4.13,6.26,6.13,6.38,3.78,1.98,-0.75,2.35,0.61,2
1.08,-0.68,-1.31,0.12,-0.65,3.19,1.49,3.09,4.32,3.5,5.05,3.58,6.1,2.81,2.27,2.64,0.17,0.54,-0.32,1.38,0.69,2
-1.52,-0.81,0.47,2.98,2.61,3.22,4.87,3.69,3.76,3.2,3.69,1.37,2.1,-0.04,1.76,-0.92,-0.58,0.39,0.25,1.57,-0.13,1
-1.88,0.83,1.01,1.29,1.32,2.3,5.65,5.23,4.2,4.59,2.54,0.61,2.14,1.71,1.63,0.45,0.49,-0.11,1.0,0.91,1.17,1
-0.23,0.43,-0.15,0.2,-0.09,0.54,-0.36,0.14,1.9,1.77,2.41,3.69,5.02,4.1,3.89,5.0,2.96,1.79,2.07,0.4,-1.55,2
-0.73,0.33,-0.81,-0.26,-0.45,0.39,-0.7,0.76,2.02,1.37,2.2,2.85,4.67,5.25,6.76,5.24,3.61,1.99,-0.41,2.19,-0.57,2
0.85,-0.66,-0.6,-0.08,0.56,-1.09,-0.91,0.39,2.86,-0.53,3.29,5.5,3.42,4.38,5.02,5.64,3.08,3.32,2.86,1.35,-0.66,2
-0.47,0.64,0.99,0.89,-3.0,1.55,1.03,-0.44,0.2,2.12,2.94,2.71,5.57,5.2,4.64,4.18,3.22,1.49,2.81,0.66,0.49,2
-0.52,-1.12,2.5,1.9,-0.11,0.58,1.85,2.62,1.95,4.76,4.91,5.38,2.45,3.15,1.78,-1.11,0.54,-0.41,-0.18,0.66,-0.09,1
0.17,0.94,1.1,1.48,2.41,3.73,2.79,1.4,3.64,5.37,5.25,3.97,3.55,0.37,-0.13,0.5,0.55,-1.31,1.66,-1.22,-0.87,1
0.73,-1.64,-0.2,-0.57,0.4,-0.36,-0.22,2.18,1.39,0.85,4.41,4.5,4.36,3.92,4.16,3.74,0.48,1.14,0.56,-1.32,0.57,2
1.45,-0.15,-1.52,-0.35,0.26,-0.62,1.01,-0.82,0.66,3.52,3.3,1.28,2.23,3.4,3.71,4.09,2.4,2.98,1.94,0.53,0.0,2
0.74,0.17,0.39,0.38,0.41,2.15,4.4,4.27,4.65,7.49,4.19,2.56,3.36,2.11,1.23,0.3,1.07,-0.23,1.7,0.14,-0.3,1
-0.84,-0.31,0.28,-0.17,0.83,-0.59,0.52,0.16,2.69,4.23,3.77,4.01,4.34,4.94,4.06,2.07,0.78,0.95,1.2,0.9,-1.05,2
-2.36,2.47,3.31,-0.18,3.52,3.01,3.38,4.74,3.72,5.34,2.99,3.35,-0.8,1.91,0.66,0.53,0.16,1.53,-1.08,0.07,-0.04,1
1.46,0.16,3.0,-1.06,-0.53,0.44,0.82,1.29,0.47,0.92,4.8,4.27,4.26,3.54,5.27,4.55,1.93,1.71,1.48,-1.2,-1.46,2
0.72,-0.41,1.29,1.11,0.87,1.36,4.44,3.79,3.19,5.23,4.89,2.46,2.85,2.62,-0.59,0.73,-0.16,0.51,-1.24,1.54,-0.82,1
1.94,3.17,0.03,-1.15,-0.48,-0.12,3.16,2.07,2.26,2.66,5.14,3.63,3.69,4.38,4.13,2.5,0.47,3.5,-0.13,-0.26,-0.04,2
1.45,-0.28,-0.32,1.41,1.65,0.96,1.87,3.56,2.91,5.05,5.31,6.09,3.51,0.76,0.51,-0.37,0.16,-1.39,-0.31,1.46,-0.91,1
0.07,1.29,0.93,0.57,-0.32,2.42,2.54,3.92,5.62,3.01,3.74,4.12,2.95,2.61,1.65,1.41,1.02,-0.35,-0.43,0.57,-0.21,1
-1.45,-0.42,2.3,-1.02,1.26,2.43,0.59,1.04,3.1,4.8,6.02,5.64,5.23,3.07,2.08,0.99,-0.75,-1.69,-0.64,-0.72,1.85,1
1.09,2.36,2.2,2.1,3.34,5.45,6.7,3.96,4.29,5.11,2.14,1.11,-0.06,0.65,0.51,-1.81,0.79,1.9,0.67,0.28,1.17,1
1.23,1.31,1.16,0.07,1.66,0.65,2.01,1.79,2.31,2.91,3.18,4.34,4.07,4.51,3.61,4.02,1.0,2.45,0.09,-0.14,-0.78,2
0.51,-0.82,-2.37,-2.23,-0.8,-0.13,-0.59,0.68,0.89,1.79,2.36,2.27,2.84,4.55,4.38,5.34,3.58,2.09,1.35,0.16,1.01,2
0.11,-0.73,1.07,1.99,2.65,2.14,4.66,4.81,3.9,3.22,4.53,1.78,1.91,1.49,1.29,0.52,-1.55,-0.43,-0.25,0.16,-0.61,1
1.54,0.07,2.57,2.61,2.78,4.56,4.93,4.3,2.91,3.79,3.87,1.02,0.56,-0.01,1.61,1.01,-1.33,0.97,-1.26,-0.4,0.43,1
0.92,1.07,0.46,-0.88,-0.55,-0.2,0.14,-0.02,1.75,2.25,2.46,3.68,3.53,3.05,6.19,3.63,3.7,2.94,2.83,0.52,0.71,2
1.47,-1.08,1.98,0.91,1.01,1.25,2.74,2.17,5.25,3.76,4.67,2.97,2.19,2.95,2.11,0.76,-2.13,0.53,0.2,2.16,0.16,1
0.9,1.54,1.1,2.56,2.25,3.87,5.87,3.69,5.33,3.9,1.38,1.75,1.31,1.33,0.54,-0.23,-0.66,-1.13,2.36,0.71,-0.64,1
-1.18,-0.03,-0.46,-0.0,-0.41,1.77,2.06,2.17,0.87,3.6,3.59,4.05,3.74,2.36,3.02,4.11,3.0,0.79,-0.61,-1.25,0.79,2
-0.27,1.89,-1.32,1.31,-0.08,0.37,0.87,3.23,5.46,6.15,6.44,4.39,2.12,2.57,2.3,1.91,1.27,-1.83,1.16,0.42,-1.49,2
1.3,2.37,1.71,2.99,1.85,2.22,5.4,4.48,4.14,4.87,2.44,1.53,0.07,1.94,0.48,2.1,0.74,1.33,0.01,-1.19,-1.9,1
0.32,1.06,0.3,-1.71,1.41,-0.56,1.94,1.4,1.45,4.67,5.08,4.45,3.07,3.88,2.55,2.11,1.63,0.66,0.82,0.9,0.79,2
-1.26,0.95,-1.43,0.26,0.5,1.2,1.05,4.02,3.59,4.99,6.73,4.97,4.12,3.49,4.66,1.43,0.5,-0.14,0.46,-0.26,2.21,1
-0.16,0.62,-0.17,-0.02,-0.55,-0.98,1.0,-1.22,-0.41,1.68,0.8,2.94,3.01,5.17,6.96,4.27,4.2,0.9,4.04,0.53,0.77,2
0.96,0.31,1.18,-0.09,-0.9,0.96,-0.1,0.63,0.75,4.4,2.35,2.17,4.77,3.77,3.65,2.83,2.2,0.85,1.1,0.14,0.1,2
-0.22,-1.94,-0.09,1.48,-0.02,0.24,2.02,2.46,2.84,3.26,4.38,5.72,4.83,3.27,1.7,2.32,0.81,-0.24,1.72,3.04,-0.91,2
-0.66,-0.82,1.32,1.19,-0.27,0.69,1.45,0.24,1.93,1.72,3.29,2.1,4.76,5.08,4.22,4.83,3.84,1.19,1.78,0.03,0.71,2
0.6,-0.3,0.92,0.73,-1.31,1.01,0.56,2.24,2.8,4.24,4.4,3.65,4.23,3.47,2.8,2.27,0.6,0.49,1.84,0.32,-0.08,2
0.01,0.64,0.2,1.73,0.42,0.08,3.19,5.18,4.08,4.6,5.22,3.12,3.03,1.4,2.09,0.92,1.01,-1.18,1.45,-2.17,-1.11,1
1.77,0.21,-1.04,0.13,-0.19,1.13,0.16,1.83,2.84,1.93,4.26,1.75,4.38,6.4,5.65,2.35,2.02,2.12,1.59,0.77,-0.88,2
-0.84,1.34,3.06,2.69,1.99,3.56,3.83,5.06,4.41,3.87,2.35,2.07,2.01,2.94,2.59,0.44,-0.29,0.32,-0.98,0.44,0.32,1
0.64,1.22,1.29,-1.58,1.51,-0.22,2.67,4.65,3.66,3.94,6.06,4.55,3.88,4.22,2.83,1.69,0.77,-1.39,1.41,0.71,-0.25,1
-2.21,0.31,-0.25,-0.45,-0.3,-0.8,1.23,1.84,4.68,5.76,6.16,4.43,3.91,4.22,4.01,1.74,1.31,0.34,2.0,2.45,-0.59,2
-1.4,2.03,0.6,2.86,3.01,4.82,5.09,4.89,1.82,3.24,1.3,2.67,0.51,-0.67,0.92,-0.86,-0.83,-0.1,-1.82,-0.35,0.84,1
-1.6,0.79,-0.81,-0.45,-0.79,2.78,1.33,3.17,3.36,5.05,3.77,3.95,5.28,4.57,4.1,3.03,1.9,1.38,-0.18,-1.07,1.48,2
0.22,2.1,0.64,2.06,2.77,4.7,6.49,4.1,4.95,2.53,2.72,1.58,1.36,0.69,0.31,0.96,0.58,-0.36,0.12,0.34,-0.92,1
0.86,0.94,-1.31,-0.69,0.02,1.61,3.36,2.57,2.86,4.62,5.26,4.72,3.52,2.96,4.23,2.16,0.58,2.17,-0.47,-0.13,-0.26,2
1.59,0.32,0.74,-0.68,0.0,-1.3,-0.49,2.47,2.68,3.14,1.88,5.4,3.88,4.55,3.26,3.43,2.03,2.1,0.39,2.27,-1.64,2
-1.01,-0.17,1.52,1.79,4.45,3.91,5.63,4.35,4.68,3.41,2.42,0.82,0.56,0.7,1.38,0.06,-1.09,1.1,-1.03,-1.95,0.83,1
-0.96,-0.56,-0.2,-1.93,-0.57,-0.77,2.18,0.6,2.99,3.17,3.98,2.96,1.89,4.07,2.85,2.81,2.68,2.63,2.16,0.7,0.25,2
-0.4,-1.82,0.8,-0.66,-0.67,0.65,3.8,4.65,2.69,4.92,5.65,4.5,4.13,2.74,1.1,2.27,-0.18,-0.36,-0.31,-0.17,0.96,1
-0.44,0.24,-1.44,-1.32,-1.2,0.97,2.05,-0.77,1.71,0.85,1.7,3.26,4.9,5.35,5.45,5.3,2.52,2.26,2.08,-0.17,0.71,2
-1.03,-0.41,-0.67,1.55,0.56,1.72,0.87,3.64,1.45,5.08,5.08,4.57,2.7,2.71,2.61,3.01,0.14,1.23,-1.26,-0.32,0.17,2
-0.0,0.77,1.32,0.29,-1.28,0.84,1.6,1.55,2.93,4.76,5.55,4.3,4.89,2.81,2.37,3.68,-0.98,0.69,0.91,-1.8,0.39,2
-0.5,0.38,0.7,1.15,0.42,0.96,3.44,1.99,2.35,3.97,5.5,3.32,2.21,0.56,1.2,0.44,0.55,1.12,-1.6,-2.06,-1.26,1
-0.22,-0.91,-1.18,0.35,-1.92,-1.59,1.91,0.75,1.72,2.02,3.63,3.91,2.73,4.29,4.89,2.04,1.13,-0.66,-1.33,0.41,-0.75,2
-0.47,0.58,0.56,0.8,-1.08,0.85,1.96,0.38,1.41,2.02,3.08,3.77,3.96,3.74,3.78,4.08,2.96,1.89,1.04,1.42,0.08,2
-0.64,-0.05,-0.28,-1.33,0.27,2.16,3.31,3.61,4.95,3.72,5.68,4.98,3.97,2.83,3.02,2.37,-0.22,0.4,2.13,0.24,0.61,1
-0.58,2.15,1.08,1.28,2.92,2.63,5.82,3.78,3.51,3.54,3.8,3.55,2.02,0.62,1.59,0.09,0.57,-0.31,1.11,-0.53,-1.48,1
-1.22,0.14,1.44,1.02,1.0,2.85,3.55,5.09,3.41,3.72,5.35,3.83,0.89,0.1,2.36,0.81,-0.18,-1.27,-0.85,-1.51,1.11,1
0.54,-0.63,2.71,1.63,0.9,1.07,1.66,3.2,3.86,4.86,3.65,4.23,1.51,2.67,0.59,-0.2,0.88,0.34,1.64,0.89,-1.37,1
-0.28,0.14,-1.84,-0.77,0.43,1.41,1.78,0.97,0.77,2.46,5.67,5.14,5.05,3.38,1.97,2.24,2.8,1.93,1.09,-0.74,-0.81,2
-1.6,-1.03,1.84,0.96,2.28,2.62,5.51,3.48,4.55,4.72,3.95,2.49,3.95,1.32,1.49,1.99,1.11,-0.88,-0.18,-0.14,-0.94,1
-0.48,-0.47,1.75,2.14,3.46,2.46,5.2,4.34,4.68,2.78,3.25,1.56,0.47,0.33,-0.21,0.41,0.07,1.19,0.52,-1.46,0.88,1
-0.26,0.32,0.07,0.86,1.09,-0.56,1.79,0.19,-0.67,0.84,2.51,3.56,3.99,3.09,5.16,4.5,4.98,2.42,1.51,0.26,-0.73,2
-0.19,-0.07,1.39,0.8,3.41,0.81,3.88,4.25,3.58,5.97,5.33,2.19,2.28,1.05,4.1,0.65,-1.61,0.95,0.29,0.83,1.09,1
-0.26,2.13,-0.27,-0.57,0.65,2.42,3.35,5.24,2.96,3.98,2.92,2.76,3.14,1.86,-0.35,2.13,-1.13,0.83,-0.64,1.01,-0.57,1
2.26,-0.73,0.05,0.95,2.82,3.88,2.8,5.4,4.67,4.02,4.55,4.64,1.59,0.51,0.54,-0.42,0.28,-0.78,-0.22,1.02,0.27,1
-0.09,-0.82,0.57,-0.77,-0.81,0.58,0.31,2.81,2.22,4.78,5.97,4.45,4.46,4.59,4.11,5.02,3.24,1.45,1.04,0.14,-1.88,2
1.33,1.51,0.14,-1.23,-1.26,0.9,-0.32,-2.15,0.71,0.93,-0.17,2.66,3.64,4.84,6.12,3.97,1.8,3.71,2.58,0.39,0.65,2
-1.84,0.53,-0.62,-2.62,0.45,0.67,1.24,5.26,5.53,4.09,6.11,4.48,4.83,3.2,4.3,2.64,-0.09,-1.31,1.47,1.32,-0.59,2
-0.41,0.5,1.07,2.01,3.76,5.3,4.85,5.2,4.31,2.87,2.92,2.28,1.78,0.97,-0.09,-0.07,-0.17,-0.85,1.36,0.0,0.22,1
-1.98,0.2,-0.81,-1.05,-0.65,-0.49,-0.23,0.78,2.44,2.69,3.42,4.05,4.09,2.75,6.34,2.93,3.33,0.33,-0.12,1.33,1.46,2
2.09,0.37,0.94,2.65,3.64,3.81,6.31,5.62,4.91,3.42,2.81,-0.43,0.58,2.73,-0.34,1.22,1.43,0.32,0.5,1.53,1.69,1
0.76,0.01,-0.39,-0.71,1.29,1.65,2.99,2.68,3.52,5.75,7.09,3.59,4.92,3.02,2.56,0.51,1.15,-2.12,0.66,-1.71,0.25,2
-0.36,0.06,-0.99,0.55,-1.3,1.5,1.49,0.6,0.85,3.06,2.75,2.1,4.05,2.92,5.02,4.31,3.51,2.61,1.06,1.4,-0.77,2
-1.07,0.68,0.44,-0.75,0.92,1.41,3.59,1.86,5.45,3.13,5.02,4.73,2.69,1.18,0.75,1.06,0.19,-2.65,2.34,0.37,0.76,1
0.05,0.22,1.31,3.3,3.54,5.39,6.25,4.57,4.5,3.93,2.02,1.92,3.2,0.26,0.48,1.16,-0.35,1.37,0.1,-0.45,1.35,1
-1.54,0.14,1.36,2.46,2.75,2.45,3.81,4.52,3.79,4.79,3.15,3.41,1.67,1.82,1.25,1.48,1.12,-1.03,-1.18,0.03,0.71,1
0.68,1.33,0.27,-0.0,-0.81,1.7,0.75,0.85,3.07,3.41,5.03,5.2,5.06,4.08,5.11,3.76,1.53,2.62,0.96,-0.7,2.47,2
0.3,2.06,0.37,1.63,0.79,3.18,3.27,4.48,4.61,3.06,3.26,5.22,1.58,1.87,0.63,1.18,-0.33,-1.25,0.93,-0.14,1.99,1
-1.45,-0.21,1.34,2.69,2.04,4.63,7.07,4.58,3.22,3.58,4.31,3.51,1.16,1.33,-0.07,0.26,-0.97,0.83,-0.92,0.87,-0.2,1
-0.29,-0.24,2.78,1.06,-2.29,1.63,0.46,3.04,2.71,2.79,4.8,4.41,3.24,3.56,3.69,1.76,2.12,1.61,0.53,0.43,-0.82,2
-2.08,0.36,1.52,2.46,2.78,5.65,5.84,5.46,4.63,1.22,2.77,1.69,0.8,1.3,-0.05,0.3,-1.21,0.37,1.61,0.16,-0.54,1
0.46,-0.36,0.79,2.72,3.62,4.17,5.19,5.83,4.14,3.22,1.02,0.97,2.32,0.31,-1.49,1.07,0.35,0.77,-0.04,-0.31,-1.14,1
0.67,-0.3,2.46,1.69,3.4,3.06,3.4,4.7,3.8,3.42,3.24,4.21,1.39,3.48,1.43,-0.8,0.36,0.91,-1.82,0.45,1.02,1
-1.14,-0.07,-0.3,1.01,1.14,0.11,1.56,0.57,1.65,4.17,3.33,6.88,3.89,5.26,4.72,3.72,2.42,0.73,2.25,0.94,0.19,2
0.49,0.36,1.61,2.02,-0.76,3.06,2.7,2.5,5.52,4.04,4.02,2.74,2.78,3.68,2.29,-0.38,-0.44,-0.43,-0.09,0.21,0.0,1
0.29,0.86,-0.57,1.09,-1.02,0.8,1.89,2.84,1.56,4.02,3.32,4.44,4.41,5.89,3.52,2.68,1.49,-0.23,0.08,-0.29,0.18,2
0.43,-0.1,-1.18,0.06,-0.96,-0.59,-1.02,1.06,0.82,0.15,2.61,0.83,3.18,5.95,6.44,2.7,3.94,2.42,1.41,1.91,-0.98,2
1.41,-1.11,2.3,0.13,2.16,1.21,1.03,2.08,1.85,2.48,4.73,4.13,1.82,5.23,4.41,4.47,0.7,2.69,1.44,0.62,0.06,2
0.9,-0.87,0.22,1.73,-0.46,1.35,1.76,3.78,5.07,3.54,4.97,4.04,4.83,3.11,0.77,2.23,-1.64,0.43,0.86,0.65,-1.11,2
0.39,1.11,0.74,-1.41,-0.64,-0.29,-0.47,2.16,-0.43,0.36,0.92,3.11,3.96,5.11,3.23,4.14,1.81,2.25,2.16,-0.85,-1.29,2
0.08,1.33,-0.57,0.44,0.84,5.09,4.89,5.21,4.97,4.09,5.81,3.44,0.63,0.8,1.33,-0.76,0.31,-0.46,-2.67,-0.7,1.03,1
0.7,0.76,0.24,0.04,-1.26,-0.45,0.95,0.96,1.47,1.19,3.63,3.81,3.12,4.13,4.57,3.79,3.42,1.52,0.72,1.03,1.3,2
-0.47,0.87,-0.32,3.15,1.71,4.57,1.85,4.82,2.56,6.64,3.59,2.5,0.95,2.71,1.67,1.09,-0.41,-0.0,0.46,2.89,0.06,1
-1.19,0.58,-0.72,-0.99,0.92,1.74,0.17,3.54,3.79,4.23,5.28,3.68,4.37,2.69,1.19,1.29,0.74,-0.58,0.81,1.04,-0.87,1
-1.25,-0.01,-1.32,-0.24,1.17,2.11,0.7,0.81,1.8,5.45,5.25,6.51,3.16,2.6,1.15,-1.61,2.12,0.56,0.53,-0.79,0.32,2
1.72,1.47,2.62,3.11,1.14,3.17,3.93,4.51,3.11,3.96,2.69,1.27,0.48,1.47,2.2,0.79,2.05,-0.0,0.6,-2.16,-0.59,1
1.66,-3.12,-0.08,-0.29,-0.46,1.0,0.81,0.18,0.54,1.41,2.65,3.07,4.9,4.26,4.67,3.58,3.93,3.94,2.51,-0.57,-0.19,2
0.81,1.21,1.21,2.68,3.6,4.17,6.51,4.81,3.15,2.79,3.33,1.44,2.22,-1.31,-0.31,1.42,-0.14,-0.49,-0.26,1.42,1.33,1
0.36,0.21,0.59,1.11,3.24,2.4,5.03,2.72,4.92,4.62,2.56,1.96,3.04,2.55,0.52,0.84,-0.25,-0.45,-0.2,-1.68,-2.0,1
0.14,-0.79,1.27,1.63,0.8,3.69,3.1,2.64,4.84,4.73,2.53,4.01,0.29,2.0,-0.11,-1.9,-0.08,0.59,1.09,-0.35,0.43,1
-0.55,-1.18,1.31,1.77,1.56,1.62,3.2,1.36,6.09,5.54,3.57,3.1,3.16,2.54,0.88,-1.24,-1.31,0.23,-0.47,1.15,1.14,1
1.89,0.68,0.86,3.12,1.62,4.19,5.37,4.63,3.72,2.74,1.93,1.27,2.7,0.45,1.62,1.5,1.55,1.59,-1.16,-2.76,0.44,1
-1.77,0.16,1.47,1.36,0.86,2.23,4.15,2.13,4.93,5.27,5.52,4.87,3.29,2.65,-0.07,1.49,1.36,-0.56,-0.19,-0.05,1.23,1
-0.36,0.81,-0.01,-1.01,1.84,0.8,0.8,1.85,2.89,4.15,3.59,3.16,2.45,3.16,2.65,1.48,3.48,3.04,1.34,0.29,-0.1,2
0.33,-0.66,0.14,0.11,1.47,0.09,2.85,4.41,5.79,5.04,5.9,5.65,2.18,2.38,2.02,1.68,0.02,-0.31,0.86,1.09,2.09,1
0.75,-0.15,-0.64,-1.2,0.85,1.94,-0.19,1.48,0.91,3.82,3.67,3.49,3.51,4.53,5.77,5.23,3.4,1.32,1.1,0.57,0.1,2
0.67,0.43,-0.69,0.14,2.2,1.78,4.04,2.89,3.86,3.56,3.49,4.12,3.42,0.82,0.11,-0.38,-0.13,0.11,-0.5,0.63,0.79,1
0.04,0.16,4.35,2.22,3.61,4.8,5.53,4.22,3.99,0.87,2.62,1.57,-0.0,-0.7,0.4,1.0,0.0,0.08,0.47,0.35,-0.13,1
1.65,1.51,3.3,0.67,2.15,3.22,5.96,3.0,4.48,3.44,6.17,1.35,3.17,1.06,0.46,-0.16,-0.07,-0.53,0.67,0.82,-0.11,1
-0.78,-0.7,0.12,-0.12,-0.56,0.0,0.57,0.65,0.84,2.19,3.48,4.85,3.93,5.39,5.81,2.38,4.05,1.63,1.63,1.31,-0.21,2
-1.12,-0.26,1.21,0.46,2.57,3.17,4.52,3.86,3.05,4.18,5.11,1.98,2.23,0.45,-0.3,0.29,0.44,-1.59,1.06,-1.22,1.22,1
1.86,1.39,3.16,-0.64,0.18,2.87,2.74,3.27,4.57,4.16,4.42,2.27,-0.03,0.01,0.48,0.7,0.1,-1.05,0.94,1.09,0.47,1
-1.49,0.2,1.85,-1.33,2.16,2.41,3.3,3.88,4.46,4.37,3.29,1.71,1.4,2.02,1.06,0.55,-1.04,-0.51,-0.57,-0.52,1.3,1
0.54,-0.5,0.77,0.36,2.09,-0.39,4.22,3.45,4.12,5.15,6.49,4.16,3.68,2.86,1.85,1.02,0.8,-0.77,1.33,-1.58,1.12,1
0.68,0.27,1.73,0.35,0.45,0.09,1.07,0.8,0.59,3.0,3.96,2.35,4.62,4.76,4.91,2.67,2.25,1.53,1.61,1.15,1.35,2
-0.84,-0.35,0.72,1.51,-0.49,0.86,0.58,1.46,2.62,1.57,5.4,4.11,4.81,3.49,4.45,3.16,1.49,1.62,0.19,0.5,1.14,2
1.44,0.98,-1.85,-2.37,0.04,1.23,0.69,2.23,2.34,2.95,3.29,3.57,4.21,5.18,4.45,3.51,3.26,2.32,1.81,-0.54,0.9,2
1.54,1.51,3.19,1.49,3.39,3.25,3.3,1.79,3.94,2.47,4.03,2.71,0.59,1.81,-0.16,0.58,-0.34,-1.15,1.66,-1.19,-0.99,1
-2.24,0.55,1.11,3.84,0.46,4.55,5.89,4.96,1.88,5.04,3.44,3.41,0.43,-0.28,2.43,-1.35,0.1,0.49,-0.83,0.63,0.15,1
-0.4,0.66,-0.04,0.32,0.7,0.77,2.08,2.0,3.29,5.21,3.95,5.54,3.99,3.14,1.84,1.32,-0.36,-1.16,-0.51,-0.47,-1.21,1
0.06,0.23,0.4,3.62,2.49,2.16,3.89,3.28,4.06,5.3,3.9,2.77,1.63,1.66,1.68,0.27,1.14,-1.43,-1.14,0.31,-0.54,1
-2.04,0.31,0.75,-0.7,-0.32,2.04,2.04,2.86,3.91,3.07,4.23,4.93,2.25,2.55,3.82,3.09,3.21,-0.17,-0.06,-0.33,0.94,2
-1.23,1.39,1.34,2.53,5.81,4.23,4.28,4.02,5.23,5.05,2.21,1.61,-0.02,0.26,-0.12,-1.98,1.98,-0.76,-1.46,1.45,-0.72,1
-0.82,-1.79,0.67,0.61,-0.11,0.47,-0.05,0.73,2.93,3.41,2.67,3.86,4.87,5.79,5.0,3.71,2.84,0.85,1.23,1.39,-0.31,2
-0.63,0.96,2.4,1.39,5.25,5.19,6.15,6.65,3.45,4.88,4.24,2.6,-0.65,-1.26,1.06,-0.86,1.1,1.0,0.37,0.35,-0.97,1
0.84,0.29,0.21,1.37,2.44,2.25,2.88,3.02,3.87,4.74,5.49,2.98,3.29,1.68,-0.43,2.81,0.03,1.26,0.25,1.73,-1.11,1
1.14,2.3,0.87,-0.84,-0.46,4.36,1.1,-0.13,3.68,3.6,4.98,3.36,3.93,4.36,4.39,3.22,0.13,-1.04,0.24,0.22,-0.71,2
1.8,2.14,1.7,3.96,4.01,4.51,4.43,3.86,5.34,3.99,4.1,1.96,-0.8,-0.57,-0.69,-0.69,-1.44,0.87,1.54,-2.18,-1.5,1
-1.29,-0.34,-0.39,0.64,0.14,0.84,1.0,2.7,3.5,4.39,4.33,3.89,2.49,4.11,4.72,3.94,1.74,1.5,-0.61,0.78,-1.8,2
1.03,1.29,1.47,0.39,3.09,3.51,5.46,6.32,5.08,4.48,-0.03,-0.29,-0.48,1.13,0.56,0.97,-1.05,1.03,-0.05,-0.86,-0.01,1
0.71,1.07,0.32,-1.66,1.35,2.84,4.16,3.94,3.02,5.17,4.77,5.24,3.91,2.77,3.04,0.82,-0.34,1.15,-0.38,0.92,1.13,1
-0.46,-0.36,-0.94,0.41,-0.38,0.74,1.42,1.03,3.29,1.4,3.02,3.12,5.27,3.11,4.9,2.05,1.58,1.72,0.31,-1.03,-0.15,2
0.46,-0.82,-1.19,1.83,-0.05,1.99,3.53,2.45,3.16,5.31,5.3,4.52,4.02,1.94,0.43,1.85,-0.92,-1.74,0.14,0.64,-0.94,1
1.17,0.18,-0.23,0.79,-0.27,1.28,0.07,0.52,2.4,3.12,5.25,2.47,1.81,2.65,5.5,2.25,2.17,1.84,0.68,1.3,-0.35,2
-0.81,0.78,0.18,1.56,-0.59,1.65,3.1,3.84,3.6,4.81,5.16,3.17,1.39,1.44,1.93,1.25,0.02,-0.19,0.35,-1.2,-0.98,1
-1.44,-0.23,-0.45,-0.59,-0.37,0.55,1.76,3.09,3.39,6.76,6.94,3.89,4.08,4.8,4.1,1.81,-0.47,0.76,-2.11,-2.25,-0.48,2
-0.61,-0.84,0.43,0.15,0.06,1.92,1.22,1.0,0.25,2.23,2.14,3.52,5.59,6.92,6.0,4.75,4.18,1.81,1.18,1.6,-0.68,2
0.04,1.59,2.1,2.39,5.42,5.41,3.49,3.84,5.53,0.9,4.15,0.9,1.12,0.56,0.5,0.55,0.56,0.22,-0.9,-0.99,-0.57,1
-0.52,2.51,-0.34,1.32,1.0,3.38,1.25,3.96,3.74,4.45,4.65,3.97,2.51,3.28,1.32,0.74,0.81,-0.24,0.46,1.54,1.6,1
-0.64,-1.38,-2.45,-1.48,-0.25,-0.54,2.96,2.67,2.75,3.02,5.12,2.97,4.22,3.57,4.54,2.71,1.46,0.13,0.87,-0.56,0.4,2
-0.23,0.73,-1.23,1.27,-0.34,0.36,1.2,-0.95,-0.79,1.08,3.5,2.4,3.05,4.41,6.59,6.33,3.83,3.56,2.46,1.26,-0.25,2
-2.95,1.03,0.78,2.65,3.26,3.8,4.35,5.38,3.5,5.61,5.22,2.12,1.02,1.34,0.92,1.13,0.33,-1.03,0.76,-0.79,-0.07,1
-0.04,1.43,0.84,-0.63,-0.76,1.06,1.2,0.76,4.39,4.18,4.78,3.13,4.43,5.51,2.77,2.23,3.27,1.16,2.07,0.07,0.49,2
0.06,0.66,0.86,2.15,3.72,4.05,4.36,4.07,4.89,3.94,-0.34,1.69,0.68,-0.23,-1.91,-0.68,-1.79,-1.64,-1.46,0.87,-0.38,1
2.21,1.86,0.37,2.3,2.56,4.53,5.9,5.59,4.3,3.74,4.3,4.04,0.06,0.89,-0.48,2.39,1.9,0.3,-0.53,-0.74,-0.9,1
-0.41,2.67,-0.62,-1.86,-0.75,1.7,0.36,3.58,4.31,6.23,6.44,4.02,3.38,2.93,2.6,0.18,0.38,-1.42,0.95,0.86,0.67,1
1.43,-0.58,1.43,0.55,0.62,-0.55,0.31,-0.26,-0.2,2.68,1.23,4.02,4.39,5.88,4.72,5.37,3.47,2.18,0.94,2.42,-0.51,2
-1.13,-0.48,-0.58,-0.47,-0.09,0.24,-1.16,1.64,2.84,4.0,5.1,3.79,4.67,1.94,2.32,2.59,0.74,1.32,1.84,0.67,-0.24,2
2.72,1.13,0.68,-0.53,0.43,-2.35,2.01,1.73,1.13,1.13,1.3,4.93,3.89,4.86,4.58,3.56,4.35,0.58,0.99,0.66,2.07,2
0.08,-0.42,0.43,0.94,1.44,-0.34,2.83,2.95,4.48,2.67,5.7,3.53,4.35,4.23,0.07,0.71,-0.69,-0.72,0.29,-0.36,0.1,1
-0.46,0.21,0.76,2.16,-0.99,-0.47,2.48,1.32,2.31,2.54,4.2,5.2,3.86,3.81,1.81,3.55,1.91,2.42,1.33,-1.28,-2.14,2
-0.62,-0.39,1.04,0.55,1.86,0.93,1.38,1.22,2.4,3.59,6.86,5.13,3.8,2.71,2.47,1.44,0.05,1.76,1.49,0.84,0.76,2
-1.73,0.59,-0.76,-2.23,-0.82,0.75,0.42,0.26,0.99,0.83,1.75,3.69,2.96,4.22,5.68,2.19,3.97,1.61,0.81,0.67,0.59,2
-0.47,2.01,0.68,2.55,4.41,3.25,5.07,4.84,6.27,3.78,3.65,3.54,0.99,0.96,-1.49,0.49,-0.09,-0.4,1.67,-0.97,0.89,1
1.48,1.37,2.72,2.7,3.61,3.58,4.41,3.57,3.98,3.59,1.73,2.33,2.45,2.24,0.41,0.67,-0.17,-0.91,2.01,0.7,-1.41,1
0.7,-0.65,0.11,0.65,0.19,-0.83,1.08,0.14,-1.04,0.06,2.08,2.92,4.0,6.48,5.5,4.8,4.54,2.88,0.42,1.09,0.48,2
-0.49,0.7,1.89,2.9,5.43,6.75,6.81,6.87,4.44,3.61,3.87,1.17,-0.26,-1.33,0.76,-0.06,-0.43,-0.19,-0.4,0.88,-0.3,1
-0.16,0.16,0.63,0.63,0.16,-0.74,1.02,1.24,2.06,2.19,4.24,3.62,3.98,3.91,3.03,3.36,0.31,1.15,1.28,0.22,-0.37,2
-1.06,1.33,1.34,2.94,2.8,4.06,5.58,5.05,5.41,3.9,1.65,1.23,1.59,-1.11,1.04,0.96,0.01,0.62,-0.92,-1.95,-0.93,1
0.18,-0.81,2.51,-0.58,-1.05,1.82,3.76,3.59,4.34,3.34,6.65,5.66,4.3,4.07,1.59,1.98,-1.01,-0.53,0.85,0.11,-0.93,2
0.19,1.59,1.04,-1.24,-0.76,0.03,-0.82,0.42,0.07,0.64,3.83,2.84,4.72,7.0,3.92,6.5,2.52,3.91,0.27,-1.05,0.12,2
0.02,0.68,1.61,2.03,1.73,3.55,3.26,4.97,4.77,4.93,3.6,3.4,1.58,0.19,0.21,0.62,-0.81,0.06,0.2,0.98,0.8,1
2.26,-0.4,0.39,0.94,-0.41,0.36,0.83,0.82,1.52,4.16,4.76,5.04,3.42,1.97,3.48,4.7,1.95,2.43,1.15,0.74,-0.86,2
0.51,-0.07,0.01,1.81,1.15,2.36,4.4,3.76,4.61,4.19,5.3,3.43,3.91,3.07,1.76,-0.23,-1.6,-1.0,-0.18,-0.47,0.84,1
0.52,0.83,1.96,-0.07,1.92,5.03,5.2,4.61,5.51,4.45,4.2,3.91,2.36,1.08,2.04,-0.8,0.68,0.41,-0.75,-0.63,-0.58,1
-0.27,1.45,1.34,1.48,3.03,4.05,4.23,3.63,2.98,4.7,3.26,2.43,1.82,1.26,1.2,0.23,-0.24,0.75,-0.75,0.18,-1.13,1
0.31,-0.34,-1.32,-1.24,-1.28,-0.02,-1.8,0.11,3.29,3.63,3.32,3.75,5.93,5.41,4.94,5.15,2.07,3.62,1.56,0.05,-0.31,2
0.35,-0.11,0.02,-0.36,-1.02,0.97,1.41,1.52,2.9,2.73,3.31,3.95,4.89,1.92,3.24,2.01,-0.53,1.97,0.42,-0.12,0.37,2
-0.28,0.43,-1.54,-1.71,0.04,-0.39,-0.67,1.57,3.8,5.03,3.28,3.43,4.26,2.05,2.71,1.88,0.93,3.39,0.05,-2.41,-0.84,2
0.11,-1.27,1.44,3.02,2.06,3.18,3.19,5.42,3.19,3.22,3.96,1.33,1.89,0.57,1.96,1.41,1.12,0.23,0.16,-0.86,0.43,1
-0.16,0.58,3.08,1.12,3.4,3.88,6.69,3.11,3.9,1.92,4.22,2.91,1.26,1.97,-0.5,1.05,1.05,1.9,-1.06,-1.02,0.21,1
-1.29,0.09,-0.44,0.0,0.23,0.88,1.12,3.28,4.25,5.82,4.74,5.84,4.89,3.0,2.26,0.05,-0.81,0.58,-0.14,0.5,-1.01,2
-0.19,1.42,1.36,2.29,3.19,1.79,5.16,4.52,3.92,4.32,5.24,4.05,2.89,0.78,-0.36,-1.41,1.46,-1.58,-0.26,-0.26,0.63,1
-1.05,1.05,-1.8,1.24,0.97,-0.42,0.09,1.93,2.23,3.22,3.0,3.14,0.82,3.4,2.87,0.94,3.01,-0.4,2.92,-0.58,-0.82,2
1.24,1.19,1.21,2.38,1.49,2.48,3.6,4.62,2.94,4.05,3.78,2.49,-0.1,1.81,-0.76,0.31,-0.53,0.05,-0.63,-0.11,-0.47,1
1.07,1.01,1.23,0.17,0.05,1.76,0.47,-0.9,4.18,5.84,4.58,5.56,4.53,3.66,2.52,3.98,2.01,1.33,-0.51,-1.31,0.68,2
-0.51,0.17,0.92,-0.39,-2.05,-0.38,0.82,0.25,-2.06,2.29,2.64,3.95,3.94,4.54,3.64,2.71,2.24,3.6,2.39,1.64,-1.27,2
-1.29,-0.26,1.68,0.83,1.65,0.65,0.49,3.11,2.28,4.39,5.89,4.27,3.16,3.32,2.36,0.94,-0.06,0.95,1.46,1.05,0.14,2
-1.1,2.06,1.04,1.33,-0.44,0.42,1.75,1.94,2.61,4.72,3.86,6.89,3.46,4.22,1.34,2.02,0.69,0.08,-0.66,-1.68,0.35,2
-1.99,0.05,0.58,1.37,-0.22,1.63,1.11,2.85,2.61,2.68,6.28,6.79,6.1,0.6,1.35,2.28,0.66,-0.93,-0.72,-0.04,2.24,1
-1.06,-0.97,-0.94,0.82,-1.31,2.11,4.22,3.34,4.48,5.45,5.48,5.18,4.03,3.17,0.47,-0.21,1.0,0.12,0.53,-0.57,-0.35,1
-0.81,-1.78,-0.4,-1.05,-1.71,-0.35,0.59,2.41,2.11,-0.05,1.27,3.07,4.93,5.38,5.53,2.99,0.16,1.75,2.4,1.9,0.53,2
0.23,-1.21,1.1,1.02,-0.44,0.42,2.02,2.45,4.75,5.2,5.19,5.17,4.17,3.56,2.09,-0.03,0.06,-0.8,-0.44,-0.18,1.34,1
-1.4,-1.72,1.18,-1.86,2.66,2.17,1.77,4.19,4.39,4.31,6.01,1.53,4.33,4.19,2.38,0.52,0.61,-0.17,-1.4,1.33,-1.73,1
0.69,-0.18,-0.4,0.68,1.2,0.1,0.5,1.04,0.3,2.12,1.52,2.24,2.94,4.01,7.02,4.22,3.71,1.48,2.4,1.21,0.6,2
0.21,0.8,3.5,3.24,5.03,5.77,6.9,6.36,6.17,2.26,2.38,0.51,-0.14,-0.43,-0.35,0.74,0.34,-0.37,0.77,-1.31,-1.28,1
-1.02,-0.12,-0.81,0.08,1.14,0.15,-0.34,0.95,1.07,4.11,4.71,2.86,3.77,3.88,4.17,3.21,0.83,1.7,0.48,0.81,-0.4,2
-0.33,-1.03,0.86,0.15,-1.39,0.15,1.25,1.25,1.34,3.15,4.56,4.8,4.93,3.76,3.15,2.43,0.89,2.53,-0.17,0.41,1.75,2
0.21,0.12,-0.09,0.2,-0.36,1.6,0.58,0.72,2.91,1.66,3.95,3.19,4.67,5.47,4.06,3.58,4.22,1.58,1.17,1.86,0.34,2
-0.17,-0.5,1.34,0.48,2.2,2.14,3.5,2.95,4.29,6.32,7.48,4.49,5.4,3.45,1.62,0.77,-0.38,0.46,-0.47,-0.05,1.6,1
-0.28,0.65,0.75,0.31,0.96,0.89,2.78,1.94,3.86,5.09,4.91,4.07,4.12,1.67,3.76,1.84,3.74,2.73,1.05,-0.52,-1.41,2
0.48,0.79,-1.04,-0.88,0.98,1.04,3.25,0.95,4.04,2.76,5.4,4.92,3.17,2.85,2.42,0.21,0.21,-1.49,-1.19,0.5,-0.72,1
-1.05,-0.43,-0.65,0.85,1.12,0.91,2.04,3.93,3.41,3.94,6.22,3.58,3.63,2.85,2.16,2.3,0.55,-2.57,0.76,2.54,-1.68,1
0.39,1.02,2.81,0.78,3.38,3.38,6.08,3.22,5.34,4.99,2.82,5.37,1.02,1.17,0.95,0.03,-1.02,-2.01,0.26,-0.43,1.36,1
1.1,1.46,1.88,1.84,2.21,4.45,4.54,3.9,4.19,3.85,1.03,2.48,1.75,0.25,0.4,0.91,0.89,0.58,1.17,-0.62,0.68,1
1.82,-1.24,2.53,1.04,-0.4,0.91,1.5,2.44,4.0,4.93,4.01,4.47,4.31,3.12,3.17,0.7,0.67,-0.74,-0.12,-1.46,0.83,2
0.31,1.66,0.13,1.12,1.69,4.62,3.73,3.98,3.2,3.83,4.19,4.24,1.81,1.46,1.53,-0.45,1.6,-0.19,-1.05,-1.27,-0.9,1
1.31,1.34,2.3,1.98,3.54,3.15,3.82,4.04,1.74,4.91,3.9,1.17,1.81,1.35,1.81,0.58,-0.21,-1.09,0.97,0.4,-0.84,1
2.08,1.17,0.79,0.26,1.44,1.72,1.51,0.65,4.39,5.85,5.37,2.74,4.01,0.98,1.83,-0.7,-1.82,0.49,1.03,-1.01,0.31,1
1.36,1.11,-1.65,-0.73,0.03,-0.78,1.24,0.69,-0.59,2.37,2.13,1.68,5.05,4.88,2.66,3.33,1.32,2.84,0.81,0.52,0.45,2
2.48,2.22,1.12,2.71,2.32,4.02,6.51,4.35,4.51,4.25,2.69,0.1,0.97,-0.25,0.3,1.23,-0.22,-0.6,-0.26,-0.3,0.1,1
-0.98,1.05,-1.22,2.34,-1.89,1.2,-0.62,0.41,-0.58,-1.24,0.75,3.35,4.19,5.91,6.12,5.02,3.93,3.87,0.58,0.47,-0.63,2
0.49,1.79,0.13,0.05,0.82,2.14,2.4,3.1,4.62,3.91,4.88,4.0,3.35,5.86,2.13,1.23,1.14,-0.54,0.95,0.06,0.73,2
-0.95,-0.73,0.24,1.59,-0.08,3.43,5.45,4.54,5.92,3.32,4.93,2.82,1.81,1.55,0.1,0.48,1.6,1.28,-0.24,0.14,-0.86,1
1.89,-0.88,0.49,-0.46,-0.81,0.73,0.6,2.26,4.55,2.73,5.45,6.41,4.9,5.91,2.76,0.92,-0.36,0.43,1.26,0.25,-1.03,2
-0.68,0.18,0.45,-0.64,0.36,3.39,3.66,4.51,1.95,2.3,7.01,4.13,2.07,4.84,1.53,1.08,0.29,0.39,1.28,0.27,0.14,1
0.51,-0.16,0.58,-1.54,0.91,-0.08,2.23,0.87,2.37,3.46,2.4,4.87,5.29,2.44,4.34,1.09,1.63,0.77,0.38,0.4,0.22,2
-0.37,-0.19,1.11,0.11,1.54,1.42,1.98,5.0,4.09,5.39,4.48,4.11,2.9,2.17,1.34,1.16,0.34,2.47,2.23,-0.04,1.41,1
-0.94,0.98,1.35,4.28,4.46,3.68,6.12,6.07,4.25,2.84,2.37,3.23,0.06,-1.18,-1.31,-2.04,-0.21,1.68,-0.08,0.48,-0.08,1
0.63,-1.47,0.43,1.15,-1.4,0.99,-1.68,0.55,-0.8,1.28,2.54,3.46,4.52,3.74,7.1,5.16,3.36,4.69,2.0,3.15,-0.09,2
0.45,1.8,1.44,0.06,1.31,-0.25,2.24,2.17,2.83,3.83,5.8,3.25,1.35,1.64,3.53,1.86,-1.23,0.3,-1.34,-0.43,1.48,1
0.04,0.53,2.51,3.51,2.59,2.28,4.97,4.91,3.82,3.42,3.54,1.43,1.1,0.42,1.49,-0.07,0.84,0.34,-0.18,-0.48,0.2,1
0.75,3.83,0.84,3.24,5.45,1.35,5.38,4.25,3.2,5.37,3.33,2.31,0.59,-0.51,0.59,-0.49,-1.22,0.46,-1.17,0.93,-0.07,1
0.39,1.54,0.56,1.62,0.35,0.96,1.25,2.34,2.23,0.94,3.2,2.1,3.74,3.91,5.5,2.52,1.55,1.88,2.2,0.58,-1.92,2
-0.9,-0.08,1.93,2.95,1.3,1.58,6.34,3.83,2.5,2.82,3.17,3.57,0.39,2.59,1.3,0.87,-1.21,-0.16,1.82,1.43,-0.35,1
0.4,0.53,1.51,-1.06,0.55,-0.09,2.4,3.39,3.42,3.89,4.79,6.74,5.19,0.74,2.58,2.35,0.99,0.26,1.37,0.1,-0.02,2
-0.96,1.18,0.81,0.82,-0.09,1.2,0.18,1.71,3.69,3.52,5.04,4.56,2.97,2.43,4.43,3.37,-0.37,0.57,2.92,-1.0,-1.17,2
0.02,-1.03,0.2,2.34,0.14,2.77,3.44,3.13,4.87,6.14,3.66,2.25,2.03,1.0,2.02,-0.18,0.17,-0.03,-1.27,0.68,-0.09,1
-0.26,-0.15,-2.08,-0.46,-0.46,0.5,2.18,3.47,2.36,3.15,5.95,4.57,3.23,4.51,2.06,1.31,1.24,1.4,-2.22,-0.3,0.0,2
-0.94,0.26,1.38,-0.45,0.1,1.35,1.99,2.8,4.83,4.8,3.51,3.75,3.6,1.87,1.69,-0.52,-2.16,-0.16,-1.07,1.04,0.15,1
1.81,-1.91,1.23,1.08,0.32,1.21,2.13,2.03,2.27,4.67,3.9,3.82,2.97,2.07,2.13,2.17,0.17,2.32,-0.52,-0.66,1.66,1
1.87,1.16,-1.38,-0.71,-0.97,1.63,1.4,1.82,1.84,3.65,3.89,3.5,3.78,3.2,2.8,2.13,3.11,3.01,1.98,2.13,-0.5,2
1.11,0.32,-0.14,0.08,0.75,0.07,-1.23,1.5,1.23,3.42,5.44,3.36,2.88,3.27,3.98,4.13,2.35,1.79,0.63,3.53,0.37,2
0.92,0.24,1.74,0.53,1.12,2.15,3.51,5.17,3.34,4.61,2.43,3.38,0.22,1.28,0.1,-0.18,-1.49,-0.05,0.78,1.11,-1.04,1
0.24,-0.17,0.58,1.96,3.1,5.85,2.83,3.53,2.93,4.99,4.06,2.4,1.81,2.73,2.09,1.37,-0.09,-0.07,1.06,-0.65,-1.06,1
0.36,0.19,1.01,1.14,0.96,-0.32,0.02,0.06,-0.5,0.49,3.7,2.81,4.72,4.16,4.11,5.88,3.89,1.39,3.03,0.82,-0.66,2
1.34,0.08,1.99,0.94,3.03,2.36,2.62,2.86,4.63,3.29,5.82,3.57,2.56,4.47,0.0,0.81,0.72,-0.57,0.28,-0.06,-0.42,1
-0.58,0.99,1.74,0.6,-1.72,-0.25,1.54,2.63,5.82,5.95,5.99,4.74,4.63,2.85,0.73,-0.67,-0.41,0.2,-0.65,-1.57,-1.12,1
0.86,0.79,0.52,2.14,-0.32,0.95,3.26,2.83,3.57,3.61,3.79,3.66,2.61,0.59,0.93,2.97,1.29,-0.51,-0.05,0.12,-1.03,1
0.44,-0.18,-1.9,0.56,0.49,1.23,2.21,0.29,0.93,3.42,2.8,4.73,2.37,4.77,4.87,3.58,2.71,4.39,0.5,1.26,-1.87,2
0.11,1.91,-0.2,3.68,3.32,5.46,6.92,6.0,3.37,3.39,2.05,1.56,0.22,0.52,-0.55,1.2,1.52,1.24,0.84,-0.3,1.45,1
1.16,-0.29,0.7,0.67,1.22,3.65,3.73,4.88,4.22,3.33,4.84,4.36,3.2,0.82,2.85,0.09,-0.21,-0.11,-0.41,0.16,1.1,1
-1.03,-0.45,-0.34,2.08,-0.81,0.12,3.35,2.78,3.53,5.27,5.78,5.88,2.35,3.46,2.84,2.43,1.66,-0.39,0.03,0.6,-1.71,2
0.32,0.79,-0.49,1.17,-0.33,1.6,3.05,4.67,4.65,6.05,5.52,3.73,4.7,3.37,0.85,0.12,-0.57,0.79,-0.51,-1.34,0.1,2
-0.61,0.1,0.48,0.08,0.29,3.3,2.18,4.83,5.02,3.19,5.01,2.65,2.25,2.59,-0.23,0.65,0.36,-0.33,1.49,-0.66,1.32,1
-0.56,1.96,1.78,0.6,1.18,-0.33,0.09,3.07,1.92,2.76,2.07,3.02,3.76,2.84,5.7,3.88,3.43,2.08,0.73,0.35,0.91,2
-1.79,0.48,1.36,0.3,0.74,3.09,3.04,2.02,1.34,5.97,5.3,3.62,3.85,1.81,1.13,0.05,0.28,-1.4,0.66,0.09,0.47,1
0.9,-1.57,-2.25,-0.16,-1.41,0.91,0.43,3.54,2.74,5.42,5.65,5.85,5.01,4.11,2.25,1.94,2.51,0.68,1.15,-1.41,0.96,2
-2.36,0.61,0.65,0.73,1.65,1.99,1.53,2.0,2.94,5.31,5.47,5.56,2.31,3.29,4.72,1.75,-0.3,0.54,-0.24,0.83,1.18,2
-0.55,0.94,2.28,1.28,3.39,5.64,4.66,4.17,3.94,3.81,2.74,-0.28,1.32,-1.63,1.46,2.3,-3.04,1.28,-0.51,1.2,-0.55,1
-1.32,-0.04,-0.7,1.31,0.8,-1.76,0.82,2.45,1.13,2.63,1.36,3.4,3.84,6.28,4.38,3.25,0.56,2.0,1.56,-0.28,0.2,2
-1.82,2.26,1.73,0.52,3.04,1.27,3.03,3.92,2.53,2.98,4.48,4.22,3.22,1.38,1.15,0.8,-0.3,0.61,-1.02,1.28,-1.16,1
-1.49,-1.62,0.97,0.14,0.37,1.33,1.53,2.55,3.68,3.92,6.05,3.77,1.78,3.35,3.91,1.61,0.95,0.56,-0.55,2.32,-0.37,2
0.25,-1.88,-1.4,0.57,0.92,1.25,0.3,1.2,1.69,1.7,3.78,3.27,3.43,4.58,6.73,3.83,0.77,1.68,1.41,0.02,0.31,2
0.48,0.31,-1.16,2.32,1.8,-0.08,0.31,2.58,4.33,4.47,5.52,5.31,4.16,4.25,3.47,3.68,0.66,1.89,0.52,-1.18,-1.57,2
0.64,0.14,-1.23,-0.7,0.34,2.17,3.45,3.93,3.68,4.08,3.66,3.38,4.27,2.39,3.66,2.51,1.62,0.85,-0.43,-0.35,-0.19,1
-0.56,-2.03,0.56,0.14,0.92,0.92,3.27,1.69,4.32,2.71,6.55,4.4,4.01,1.44,2.23,2.96,1.45,0.38,3.05,1.97,-0.54,2
-1.14,0.35,0.52,-0.68,0.72,2.4,1.84,3.1,3.29,2.56,3.6,5.89,3.79,3.9,3.38,1.05,-1.52,1.16,-0.66,0.47,0.99,2
-1.43,0.85,0.55,3.07,1.46,2.14,4.8,5.04,3.13,4.19,4.75,2.49,1.13,-0.52,1.5,1.26,1.29,0.91,-1.54,1.3,-0.36,1
0.46,1.04,0.31,1.06,1.4,2.03,2.93,3.88,3.67,4.33,3.5,4.3,2.17,0.15,2.3,-1.19,-0.94,0.07,2.62,2.06,-0.25,1
0.6,-0.3,-2.65,-0.49,0.18,-1.13,0.22,1.48,3.13,1.9,2.91,3.86,4.04,3.76,3.69,2.7,0.46,2.11,-0.45,1.73,-0.61,2
-0.37,1.43,0.14,3.58,1.44,3.22,4.6,3.19,5.1,4.38,3.49,1.91,2.36,1.65,2.37,1.6,-0.64,-0.04,-1.47,0.64,0.75,1
-0.63,-0.04,-0.74,-0.59,1.42,2.23,3.03,2.67,3.59,4.05,4.72,4.52,3.06,3.82,2.54,-0.49,0.41,0.72,0.07,-0.19,-0.09,2
0.11,-0.51,1.14,0.35,0.14,0.31,1.07,1.29,2.9,2.61,4.66,3.18,3.27,3.04,2.42,-0.22,-0.73,0.86,1.18,-0.72,0.84,2
-0.21,-2.78,-0.57,-0.17,2.3,2.74,4.69,4.0,3.42,5.19,4.25,1.39,2.74,1.01,1.1,-0.15,-0.15,0.1,1.09,1.26,0.38,1
0.85,0.73,-1.01,0.22,2.54,1.78,1.03,2.18,1.86,4.53,4.06,2.64,3.83,4.13,2.12,0.76,0.41,1.01,1.33,1.16,-0.61,2
1.54,1.26,1.42,1.11,0.81,2.51,2.85,2.73,4.49,5.37,4.41,2.49,2.67,0.71,-0.36,0.38,-0.53,0.44,0.29,-0.5,0.87,1
0.82,-0.76,2.06,0.83,1.09,1.68,3.63,3.94,3.55,4.59,5.79,3.82,3.79,2.41,-0.5,0.53,-1.03,-0.28,0.02,1.54,-0.19,1
-1.6,1.41,-1.31,1.88,2.4,2.42,3.85,4.03,3.42,5.8,4.82,4.61,1.25,2.16,0.69,0.71,-1.28,0.51,-0.24,-0.04,-1.2,1
0.86,-0.81,0.8,0.74,1.6,2.34,0.5,2.05,2.14,2.25,3.45,2.93,3.28,4.82,3.93,3.61,1.91,1.15,0.23,0.7,-1.13,2
1.39,0.05,-0.24,0.41,0.47,0.1,-1.19,0.93,0.56,1.28,3.93,3.47,2.34,3.48,5.29,1.74,3.87,2.41,0.21,1.61,1.32,2
0.12,-0.14,-1.2,0.16,-0.95,2.06,3.13,2.29,2.45,4.63,7.5,5.76,4.96,3.58,3.45,1.19,-0.19,-0.46,0.4,-0.06,2.92,2
0.81,-0.69,-1.1,-2.0,-0.8,-1.04,0.85,1.56,2.12,0.76,4.77,3.12,4.25,5.0,6.96,3.22,4.6,3.79,2.22,0.61,0.63,2
-2.0,-0.44,0.13,-1.41,0.27,-2.76,1.17,2.28,1.16,3.78,1.48,2.97,5.3,3.84,3.85,4.27,4.5,4.24,2.17,-0.1,1.87,2
1.31,-1.72,2.44,-0.5,-1.88,0.32,3.32,1.45,2.73,2.5,4.11,4.59,4.85,4.39,3.16,2.23,-1.07,2.12,-0.31,1.37,0.42,2
-0.32,0.32,-0.62,-1.15,2.25,3.48,4.94,5.38,4.18,3.74,4.28,4.32,2.48,3.59,0.88,0.24,1.11,-1.14,-0.91,0.35,1.48,1
-0.78,0.02,2.51,2.81,2.37,3.17,4.55,4.02,2.87,3.02,1.45,1.29,1.22,1.22,-1.2,0.91,0.34,-0.32,1.47,-0.29,0.68,1
0.86,0.9,1.37,2.87,3.91,4.22,5.11,6.64,4.46,3.11,4.92,2.69,2.08,-1.56,0.79,0.42,1.25,1.69,-2.53,-0.35,0.72,1
-0.94,-0.59,2.09,-0.23,0.76,2.3,1.21,1.74,5.42,3.67,4.55,5.39,5.75,3.99,1.61,3.09,1.53,0.53,0.01,1.45,0.03,2
-0.71,1.57,0.26,-0.75,1.27,0.28,1.1,4.92,3.5,3.69,5.03,5.3,2.98,5.05,3.8,2.56,-0.98,1.17,-0.1,-1.8,-0.69,2
-0.96,0.18,0.34,-1.36,-1.43,0.83,2.81,2.2,3.25,2.13,3.62,5.41,3.68,2.73,2.08,2.32,2.76,1.15,0.8,1.41,-1.38,2
0.37,0.47,2.49,3.15,4.87,4.47,5.71,4.38,3.57,2.9,2.89,0.08,-0.18,-0.05,1.0,0.41,-0.64,-0.76,-1.34,1.03,1.87,1
1.02,-2.76,-1.17,1.29,-0.07,-2.71,-0.6,0.14,-1.36,-0.81,2.48,2.83,4.19,4.62,5.74,4.2,3.03,2.3,3.16,1.72,1.09,2
1.44,0.79,-0.48,1.33,1.88,4.77,3.65,5.71,4.13,3.73,3.23,2.02,3.0,0.09,2.55,0.87,-1.56,-0.94,1.6,-0.46,1.23,1
0.28,-0.96,1.16,0.56,-1.0,0.79,3.63,3.42,3.37,4.38,5.0,3.68,3.56,3.75,3.21,0.07,0.5,1.5,-1.18,-1.92,-0.73,1
0.33,0.61,-1.0,1.03,-1.34,0.95,3.39,3.67,3.15,4.84,5.5,5.0,2.35,2.18,0.69,0.68,0.49,2.95,0.04,-0.15,-0.34,1
1.64,1.93,0.84,3.27,5.91,4.65,6.44,6.29,1.77,3.34,2.2,-0.38,-2.2,0.2,-0.92,1.2,-1.38,-0.54,1.59,-1.26,-0.07,1
0.29,0.72,-0.07,0.09,1.01,0.76,1.9,1.63,4.71,4.5,6.96,5.65,3.84,2.12,3.39,1.87,1.09,-0.09,-0.88,-0.99,-0.52,2
0.06,-0.7,0.65,1.84,2.19,4.06,4.21,2.34,3.46,4.6,3.97,4.45,3.84,1.75,1.12,-0.63,-0.19,-0.02,-0.53,0.67,-0.7,1
1.2,0.5,2.18,3.45,1.69,4.31,4.35,4.26,2.82,4.15,3.06,3.01,1.55,1.15,-2.09,-1.37,2.84,0.44,-0.19,-1.22,0.07,1
-0.39,-0.65,0.13,-0.87,-2.89,-0.26,0.94,1.96,2.52,4.08,4.52,5.16,2.75,3.69,4.03,2.87,1.31,2.52,2.31,-0.07,-0.69,2
0.57,-0.57,2.84,-1.02,1.26,0.27,0.48,2.45,3.7,2.93,6.45,4.66,2.62,3.1,2.86,2.53,-0.04,-0.34,2.13,0.52,-0.41,2
-0.21,-0.65,0.26,0.03,1.09,0.2,0.96,2.69,3.86,1.76,1.9,4.37,5.36,4.35,5.06,4.47,4.91,2.68,-0.56,0.03,-0.77,2
-0.2,0.34,3.86,-0.05,4.67,1.62,4.08,4.44,3.92,5.55,2.47,2.49,2.81,-0.08,1.62,2.11,0.94,0.82,-0.35,0.65,1.0,1
-2.21,0.01,0.46,-0.41,-0.52,1.39,2.62,2.74,4.98,3.2,4.13,4.16,2.18,4.23,1.95,1.92,0.19,-1.04,0.81,-0.0,-0.65,1
-0.32,-1.2,1.36,2.54,3.83,3.44,4.39,3.84,5.33,2.88,2.62,2.46,1.36,1.52,0.23,0.87,-0.49,-1.49,0.87,-0.64,0.96,1
0.08,1.07,-2.12,0.09,1.74,-1.71,-0.33,0.69,0.88,1.38,4.45,4.97,4.52,3.19,4.79,3.95,2.3,4.13,0.57,-0.5,-0.78,2
-1.14,-0.43,1.27,3.12,0.71,2.64,3.66,2.57,5.39,1.47,5.31,3.28,1.68,1.43,0.65,0.34,1.08,0.38,-0.49,-0.11,-0.77,1
0.05,0.17,0.4,-0.27,0.84,1.66,2.96,2.67,3.62,4.39,6.37,5.83,4.43,3.44,0.03,1.24,-0.16,-0.99,0.79,-1.84,-0.18,1
1.8,-3.25,-0.07,0.63,-1.02,0.42,0.59,1.23,1.88,3.62,5.72,4.9,5.72,2.94,1.99,3.33,1.4,0.88,2.59,2.16,0.22,2
1.5,-0.8,-0.44,0.24,-0.35,0.49,0.97,0.8,2.65,3.92,3.58,3.95,5.18,5.01,3.37,3.92,1.41,-0.08,-2.55,-0.37,-0.42,2
-0.32,2.13,3.85,0.32,3.64,3.86,3.21,3.97,1.9,5.05,3.28,3.2,-0.29,0.17,0.76,-0.18,-1.56,1.12,-0.76,0.05,-1.82,1
-0.8,0.14,0.76,-1.02,-1.29,1.11,-0.08,2.52,1.69,2.9,5.24,4.3,3.13,3.92,4.41,4.9,2.25,0.98,1.86,-0.07,-0.35,2
-0.87,1.83,0.09,0.48,3.37,2.43,3.83,4.31,4.31,3.24,4.53,4.84,3.96,3.01,0.36,1.29,0.26,1.35,-0.96,1.23,1.51,1
-0.94,0.31,2.95,2.12,0.43,1.8,4.21,4.5,3.56,4.96,2.69,4.55,1.92,2.34,0.68,1.23,0.67,-0.48,0.54,1.37,0.11,1
0.72,0.16,-0.13,0.79,0.01,-0.13,1.51,0.5,0.92,3.46,5.26,4.37,4.39,2.85,3.03,3.97,1.54,0.75,1.01,1.29,-0.23,2
1.11,0.69,2.24,-0.56,2.04,3.34,6.43,4.28,2.82,6.01,4.93,1.57,2.75,-0.22,1.64,0.8,-0.42,0.21,0.35,0.07,1.79,1
0.42,-0.48,0.26,0.18,-1.54,0.35,1.67,1.72,3.59,4.33,4.64,5.19,2.39,3.74,4.75,1.82,1.57,0.53,-0.07,-0.9,0.11,2
-0.41,1.64,1.11,3.79,4.43,5.54,5.99,4.99,3.73,3.56,0.82,0.53,-0.59,-1.23,-0.47,0.82,-1.65,0.51,-1.39,-1.1,-0.01,1
1.28,-0.08,-0.84,-0.16,0.15,1.11,2.52,3.0,4.74,4.88,6.88,5.01,4.75,2.45,0.92,2.48,1.23,0.27,-0.18,0.43,-0.08,1
2.09,-0.24,0.24,-1.01,-1.74,2.75,0.89,0.37,2.97,0.78,2.36,3.66,4.14,4.34,3.36,3.26,2.33,0.41,0.48,1.84,0.45,2
-1.81,1.13,1.23,0.66,1.57,1.92,4.73,3.6,3.5,2.65,2.23,4.32,0.96,1.37,-0.53,0.9,-0.02,-0.72,-1.47,1.0,-0.77,1
0.04,0.35,-0.72,0.67,-1.73,1.23,1.11,2.82,0.36,6.66,5.46,4.79,5.29,4.18,2.65,2.38,0.16,-0.94,0.89,0.51,1.62,2
0.41,1.09,0.34,3.55,2.15,3.42,6.59,4.92,4.51,1.44,1.46,2.33,0.28,1.05,-0.98,2.15,-1.37,0.26,-0.29,0.37,-0.31,1
0.7,0.13,1.71,2.53,4.21,5.74,5.91,4.94,3.72,4.24,1.74,2.09,1.46,-0.8,-0.71,1.69,0.75,-2.21,-0.42,-2.33,-0.88,1
0.58,0.24,1.38,0.26,0.56,2.96,3.6,5.74,3.79,5.8,4.72,3.68,2.99,3.51,1.56,0.77,1.25,-0.03,-0.86,0.5,1.64,1
1.13,0.46,2.63,0.42,5.51,4.32,4.87,6.5,2.48,3.97,2.01,2.0,1.03,1.01,0.9,-0.8,-1.04,-0.15,-1.15,1.57,0.39,1
-0.03,-0.29,0.07,-0.56,0.43,2.04,2.54,4.7,3.45,6.21,4.69,2.86,5.08,2.35,0.04,0.92,-0.11,-1.67,0.39,-0.41,0.41,1
-0.08,-1.06,-0.44,-0.45,-0.27,-0.15,-0.35,0.78,-0.23,-0.09,2.89,3.13,5.1,5.65,7.78,5.45,2.73,2.43,1.54,1.1,1.41,2
-1.67,-0.05,1.53,-1.21,-0.82,1.06,2.3,1.7,4.36,5.55,4.62,5.64,3.62,4.31,1.91,1.86,0.76,0.67,-0.47,0.14,0.17,2
-0.29,0.58,1.13,-0.92,2.32,0.41,-0.59,0.08,-0.85,1.17,2.7,3.6,4.11,4.38,4.87,2.44,3.26,2.66,2.28,1.23,0.61,2
-1.01,1.2,2.99,1.48,3.71,3.78,3.82,3.73,3.22,1.61,2.01,3.13,0.94,0.81,1.6,-0.03,0.13,-0.04,0.23,0.86,-0.21,1
-0.19,1.11,1.22,-1.57,-0.1,1.49,0.08,3.21,1.88,3.09,4.51,2.62,4.92,3.27,2.31,3.02,2.56,0.71,0.32,2.21,-1.34,2
-1.59,1.7,-1.7,0.79,0.41,-0.29,0.91,2.45,4.3,3.46,5.43,5.37,3.18,3.14,2.92,2.54,-0.17,1.52,1.41,2.34,0.72,2
0.42,-1.19,0.29,2.24,3.14,1.86,3.78,2.83,2.92,4.86,5.03,2.76,1.57,0.55,-0.09,2.07,0.46,-0.8,0.14,0.27,-0.06,1
-0.95,2.4,1.65,3.26,4.99,5.17,4.48,5.56,5.26,3.32,4.74,2.45,-0.54,-1.8,-0.75,0.59,0.49,0.49,0.16,-2.24,-2.05,1
0.22,-0.05,-0.18,-0.25,0.7,1.62,0.91,0.54,0.34,3.63,2.98,4.34,4.0,3.74,4.53,3.1,1.73,2.83,1.21,1.08,-0.02,2
0.55,0.74,2.0,2.13,3.74,4.65,4.78,4.13,3.61,2.2,3.87,1.67,0.14,0.66,-1.86,0.81,-1.04,0.98,-0.06,-0.58,0.71,1
0.91,-1.12,0.57,0.56,-1.52,-0.98,3.59,3.37,2.56,4.2,4.43,4.65,4.13,3.08,3.1,1.29,0.51,-0.2,-0.29,1.4,-1.58,2
2.23,2.14,-0.08,1.03,2.3,2.88,3.97,3.47,4.59,3.81,6.09,3.31,2.18,2.85,1.11,0.43,0.26,0.21,-2.22,1.04,-1.07,1
-1.37,0.97,0.73,-0.81,0.26,0.95,1.84,1.88,4.72,1.99,6.63,4.09,3.29,0.91,2.64,0.54,-1.29,0.5,1.2,1.69,-1.24,1
1.53,0.67,2.77,3.21,1.27,3.63,6.02,4.31,5.54,2.33,3.49,0.91,0.94,1.51,-0.17,1.4,1.3,-0.2,1.94,-0.26,-0.19,1
0.84,-1.58,-1.16,-0.65,-1.77,2.08,0.39,1.15,0.72,3.73,2.95,3.43,4.03,4.68,4.38,5.69,1.53,2.17,-0.64,1.29,-0.45,2
-0.5,0.71,-0.54,0.43,0.43,0.67,2.14,2.96,4.1,2.93,3.15,3.69,4.57,4.73,3.51,2.31,0.34,-0.29,-0.46,-1.46,0.01,2
-0.31,1.25,1.16,2.48,2.57,2.27,2.94,2.17,3.55,4.84,4.02,3.2,3.19,1.08,1.7,0.68,-1.97,0.61,-1.28,-0.61,2.14,1
0.55,-1.26,0.64,-0.93,-0.08,0.85,-1.05,1.45,2.21,2.16,4.5,3.62,3.28,3.04,4.12,3.66,1.5,1.44,1.92,1.49,-0.3,2
-0.36,-0.84,-1.47,-0.21,-0.86,0.64,0.4,2.54,3.74,4.36,5.15,4.17,4.22,3.67,3.6,0.67,2.51,0.15,-1.61,1.22,0.12,2
0.91,1.47,-0.73,1.49,-1.16,1.26,0.97,2.41,2.43,4.17,2.6,3.99,3.77,4.95,4.83,3.9,2.56,0.78,1.19,0.08,1.36,2
2.15,-0.26,1.07,3.86,3.06,4.28,6.27,3.19,3.6,2.23,2.85,2.99,0.18,0.59,-0.02,0.47,1.07,0.44,0.44,-2.08,0.79,1
-0.06,0.63,2.75,0.39,0.88,2.64,5.09,4.32,4.65,4.41,4.11,2.88,1.29,3.08,-0.18,1.1,0.48,-2.22,0.2,0.1,0.76,1
-0.24,-1.56,0.91,3.27,3.97,4.47,4.95,5.65,3.26,2.13,2.96,3.31,1.25,3.46,0.12,-0.8,-0.5,0.54,-0.62,0.91,-1.13,1
-1.41,0.16,0.49,-0.27,-1.45,-1.58,-0.53,2.6,0.0,1.94,2.74,2.25,4.29,3.57,5.19,5.68,3.74,2.71,0.04,0.66,-0.12,2
-0.1,0.71,-0.62,1.18,0.02,0.32,0.19,0.69,2.17,2.41,1.85,4.8,4.76,5.7,4.18,5.06,1.31,3.98,0.98,0.48,-2.68,2
-0.88,-0.52,0.11,1.96,3.06,4.8,5.88,3.51,3.4,4.19,2.85,2.41,1.33,0.41,1.51,0.09,-0.91,-1.26,-0.71,1.44,0.64,1
1.7,1.59,1.3,1.86,0.18,0.33,-0.27,0.34,0.49,2.19,1.84,2.64,5.72,5.6,6.19,3.76,3.4,0.13,1.87,0.12,-1.22,2
-1.09,0.69,0.68,0.62,-0.22,0.75,2.48,3.21,4.49,4.97,5.0,5.97,3.32,5.44,2.08,1.69,0.0,0.86,0.19,0.75,1.92,2
0.45,-0.15,1.2,1.65,2.24,2.56,4.36,4.22,4.39,4.57,3.58,3.53,1.87,1.84,0.88,1.37,0.7,0.67,-0.36,-0.44,-0.74,1
-0.17,-0.39,1.2,2.25,4.6,5.49,5.42,5.5,3.72,3.18,1.78,1.52,-0.29,1.61,-0.28,-0.71,0.74,0.57,-0.61,1.59,-0.42,1
-0.41,-0.28,1.23,2.41,-1.49,0.02,0.18,1.58,1.17,2.15,1.79,4.72,4.54,3.41,5.55,2.9,2.0,1.97,2.09,-0.13,1.43,2
-0.91,2.05,0.32,4.06,0.83,5.94,6.8,6.23,4.13,2.28,3.41,2.86,-0.75,-0.6,0.09,-0.03,-1.76,-0.56,0.23,2.01,0.17,1
-0.07,0.48,0.01,-0.91,0.51,0.93,-0.59,1.48,1.74,0.5,4.47,2.71,3.59,4.9,4.47,3.0,2.54,2.25,0.26,0.89,-1.58,2
0.47,0.14,0.4,0.27,-0.41,0.47,0.93,-2.95,-0.33,-0.31,2.39,3.91,5.28,4.74,7.19,5.61,4.32,2.75,2.31,0.21,-0.47,2
0.77,0.33,2.07,0.26,0.61,2.6,5.44,2.53,3.25,3.71,3.56,2.32,3.53,0.43,1.88,1.09,-0.45,1.0,1.58,0.11,0.84,1
0.34,1.66,1.15,4.03,2.87,3.57,6.65,5.27,4.27,1.39,2.52,0.28,0.29,-0.77,-0.25,0.88,-1.07,-0.55,0.72,0.2,0.46,1
-0.94,0.58,1.57,1.8,5.33,3.78,8.2,4.1,2.38,1.78,0.49,0.71,-0.24,0.6,0.15,2.7,0.57,0.63,0.31,0.52,-1.77,1
-1.2,1.14,0.01,-0.07,-0.48,1.63,2.7,0.24,1.49,1.11,2.87,4.98,4.76,4.33,2.2,4.01,2.6,1.24,-0.97,0.84,1.33,2
0.0,-0.65,0.75,0.9,0.99,1.5,2.64,2.39,3.23,4.52,5.84,3.76,4.7,1.21,1.27,0.48,0.6,0.55,-1.49,0.29,1.33,1
-0.19,1.22,0.86,1.45,1.43,0.18,1.89,1.81,2.58,4.78,5.91,4.0,3.64,1.45,0.7,-0.65,-0.83,0.03,-0.25,-0.99,-0.82,1
0.19,-1.65,-0.98,1.06,0.21,1.65,1.1,2.0,1.41,3.04,4.35,4.48,4.09,2.45,3.89,1.34,2.37,0.38,0.55,-0.89,0.06,2
-0.66,-1.48,0.99,1.75,2.39,3.85,2.12,4.15,5.13,3.67,4.5,3.01,4.73,-0.34,0.67,-0.55,0.32,0.76,0.39,0.15,-0.09,1
1.54,0.4,0.07,-0.08,2.57,5.2,5.34,4.14,5.03,3.96,3.31,4.7,0.88,2.78,0.66,-0.38,0.56,-0.03,0.55,-0.02,0.37,1
0.36,0.88,0.14,-0.81,1.51,3.51,1.64,3.93,4.89,5.1,6.06,2.95,1.19,2.12,1.45,-0.07,-1.24,1.03,1.04,0.4,1.12,1
-1.41,0.68,-0.83,1.94,1.92,1.62,3.55,3.03,4.13,4.45,3.52,1.93,2.82,-1.26,0.05,2.04,0.23,-1.0,-0.45,0.01,0.71,1
0.18,1.12,-1.49,-1.06,0.41,0.09,2.18,1.49,0.48,3.3,1.53,4.0,2.94,3.87,3.09,3.03,1.8,3.64,1.72,-0.23,0.31,2
-0.15,-2.35,-2.02,1.3,-1.29,1.2,0.63,0.81,-0.77,3.5,3.69,2.23,1.86,4.9,6.27,5.5,1.46,3.11,1.53,-0.16,-0.32,2
-0.14,0.84,0.35,0.06,1.69,3.56,5.02,4.89,5.36,5.8,2.36,3.21,0.47,1.55,-0.03,0.68,-1.18,0.21,0.09,0.86,-0.6,1
0.24,2.57,1.74,0.62,2.2,2.8,2.61,4.74,4.98,4.34,3.95,4.92,1.83,-0.37,2.02,-0.03,1.06,-0.58,-0.48,-2.85,-1.28,1
-0.61,0.33,-0.15,0.53,3.37,1.33,4.13,4.74,3.4,2.82,5.11,2.95,2.78,3.04,-0.14,1.87,0.06,0.56,-0.36,-0.83,0.49,1
1.5,0.74,-0.4,1.88,2.96,4.5,6.22,4.25,5.24,6.08,3.27,0.43,-0.28,0.5,0.28,-0.0,-0.23,-0.61,2.29,0.37,-0.18,1
0.36,-0.35,-0.15,0.45,0.26,0.06,1.96,1.47,1.82,3.12,2.65,4.91,3.32,4.28,2.85,2.29,1.32,1.95,-0.4,-0.76,-0.19,2
1.71,-0.36,0.34,0.42,-0.59,1.06,-0.15,-0.01,1.6,4.63,3.72,3.23,2.48,3.39,3.79,4.74,1.43,2.24,2.63,1.66,0.31,2
-0.37,-0.14,-0.33,0.35,-1.26,0.89,1.73,2.11,2.69,5.41,4.48,5.53,4.08,2.51,3.34,2.08,0.22,-0.82,0.04,0.17,-0.56,2
0.52,-0.93,0.19,0.82,-0.46,1.95,1.16,1.98,3.51,2.36,5.16,2.7,2.63,1.82,4.42,1.41,0.29,0.72,-1.16,-0.39,0.94,2
0.42,0.4,0.07,-1.03,-0.16,1.97,0.28,0.92,0.96,-0.55,1.01,3.71,4.91,4.15,4.98,3.62,4.9,2.25,3.41,2.35,-1.34,2
-0.28,-0.4,0.96,0.87,1.7,3.45,4.67,4.61,6.03,3.54,2.62,1.39,1.18,3.81,0.29,-0.16,-0.13,-0.22,-0.67,-0.71,0.38,1
-0.27,-0.71,-0.12,0.15,0.13,0.4,3.14,1.42,3.16,5.11,5.39,4.18,5.1,4.51,2.21,1.54,0.24,0.54,0.31,0.14,1.5,2
-1.89,0.9,2.79,-0.28,1.07,2.18,4.59,3.2,3.55,3.88,4.6,4.03,3.41,0.51,0.78,1.88,1.75,0.46,1.06,-0.91,-0.12,1
0.72,0.58,1.48,1.07,2.24,3.43,4.4,2.99,5.64,5.26,6.23,4.13,0.39,0.23,1.98,1.06,1.14,-0.13,1.47,1.39,-0.41,1
0.36,0.63,-0.27,1.5,0.36,1.65,2.39,3.23,4.03,3.24,3.66,2.1,2.12,2.53,0.98,0.12,0.94,-0.86,1.8,0.43,0.75,1
0.86,2.46,0.72,0.78,0.8,2.42,2.94,4.44,3.18,3.36,5.31,3.82,2.74,2.76,2.64,0.36,-1.16,0.41,1.1,-0.12,0.28,1
-0.42,-0.06,2.15,0.78,-0.92,1.84,3.73,4.43,5.06,5.35,4.78,3.19,3.34,3.02,2.23,1.05,0.78,-1.43,0.63,-2.03,1.56,1
1.97,-1.45,0.27,-0.89,-1.23,2.22,1.22,5.36,3.95,4.99,6.48,6.71,3.5,3.22,2.03,0.79,-0.22,-2.45,-0.14,-1.97,-1.41,1
-1.26,-2.86,3.07,2.76,2.83,5.46,2.95,4.77,4.51,4.25,4.73,2.11,1.21,0.96,0.01,-0.26,0.07,0.26,-0.03,-0.08,-1.21,1
0.15,0.58,1.9,3.36,2.77,4.38,5.11,6.16,3.04,4.44,2.41,0.59,-0.41,0.45,-0.17,1.14,-0.97,0.23,0.55,-0.42,0.92,1
-0.62,-0.75,2.3,1.2,1.06,5.33,5.36,4.38,2.49,5.02,2.24,3.62,0.47,0.44,0.57,1.23,-2.14,-1.0,0.0,1.03,-0.48,1
-0.08,0.49,-0.25,1.2,1.17,1.51,4.96,4.87,3.98,5.79,4.36,2.2,1.61,1.86,1.57,1.13,-1.56,-0.62,-0.45,0.15,0.06,1
-0.65,0.85,1.23,-1.9,-0.02,-0.35,2.6,3.22,3.26,5.32,4.96,5.58,4.11,4.25,2.8,2.27,-1.34,0.25,1.89,2.6,-0.94,2
-0.26,1.96,0.82,1.54,-0.54,1.6,2.16,4.59,5.59,5.29,3.23,5.31,4.32,2.54,1.77,1.58,-1.3,-0.16,-0.11,-1.53,0.06,1
1.0,0.02,0.21,0.38,-0.46,1.64,1.11,1.14,2.88,3.26,3.4,3.25,5.63,4.96,6.37,5.25,1.26,3.57,3.14,1.73,-0.5,2
0.06,-0.82,0.6,1.98,-0.14,-0.2,0.48,3.01,2.63,2.85,4.56,4.15,5.53,4.63,2.48,2.4,0.15,-0.58,3.09,0.98,0.82,2
1.17,-1.51,2.05,0.43,-1.0,0.11,2.45,3.92,4.65,4.78,5.32,6.01,3.63,4.01,1.88,0.4,0.16,-0.16,-0.99,-1.8,1.44,1
1.15,0.71,-0.19,1.07,0.21,2.34,1.97,1.89,3.97,6.25,5.6,5.43,4.89,3.95,1.67,0.95,0.33,0.22,3.61,0.03,-1.03,2
-0.3,-0.13,0.05,0.72,4.4,3.76,6.04,4.87,2.49,4.87,4.07,1.33,2.53,0.43,0.76,1.13,-1.64,0.28,-0.47,-0.08,-1.32,1
1.98,1.52,2.8,1.54,-0.34,-0.24,1.68,1.54,2.03,3.77,5.17,5.78,3.53,3.28,2.04,0.69,3.32,-0.2,0.85,-0.83,0.48,2
-0.24,0.51,0.0,0.93,1.1,3.39,4.06,3.6,4.16,4.4,6.21,4.43,2.45,1.3,1.83,0.6,0.58,1.18,-1.0,-1.33,-0.66,1
-0.63,-1.03,-0.15,-0.52,-0.39,-1.37,0.11,2.69,1.79,3.65,5.4,3.47,3.31,3.23,2.86,3.15,1.98,0.95,0.08,0.43,1.01,2
-0.42,0.94,2.03,2.13,4.36,5.81,5.89,5.14,4.18,4.48,2.9,0.6,-0.13,-1.26,0.17,0.15,-0.27,1.04,-0.22,0.16,-1.64,1
0.22,-1.72,-0.77,-0.74,-1.23,1.01,0.8,1.72,1.16,3.13,3.81,4.17,2.52,1.9,4.48,4.08,-0.19,0.71,1.74,0.54,0.11,2
1.58,1.84,-0.43,-0.37,0.15,2.55,0.44,2.37,0.41,0.96,4.63,3.53,4.19,5.69,4.85,5.42,4.1,1.84,1.03,2.32,0.06,2
-0.65,0.66,1.07,2.12,1.8,5.46,4.28,3.57,4.81,2.26,1.83,4.63,2.02,0.52,1.7,2.04,-0.38,0.39,-0.99,0.37,0.37,1
1.11,0.44,0.04,-0.15,0.17,1.79,-0.82,2.16,1.7,3.46,4.8,4.86,2.69,2.84,3.28,4.19,4.03,1.72,1.67,-0.36,0.15,2
0.78,-0.71,0.75,0.05,1.43,1.95,3.42,3.68,3.28,3.07,4.49,2.22,0.88,1.37,0.37,0.18,-0.78,0.63,-0.39,1.0,1.49,1
-0.77,0.2,1.07,1.42,2.82,3.44,5.23,5.32,4.95,4.19,2.73,1.71,0.25,-1.15,0.08,-0.79,-0.88,-1.87,3.13,0.31,-2.23,1
0.79,-1.56,-1.34,-0.3,-0.21,1.58,1.01,1.77,3.35,1.58,4.7,3.97,4.88,2.76,4.67,4.4,4.41,-0.6,-0.15,1.24,-0.65,2
0.74,0.22,-1.22,0.53,0.99,1.46,3.03,2.42,3.59,6.1,5.94,4.1,3.84,2.98,0.99,0.88,1.37,0.97,0.07,-0.88,0.66,2
-0.15,-0.9,0.83,1.02,1.74,2.02,3.84,3.2,3.28,2.97,4.27,2.76,0.7,0.46,2.26,2.25,-1.08,-0.26,-1.22,-0.07,-0.02,1
-1.48,0.34,1.24,0.65,1.95,3.68,2.89,2.4,5.69,5.14,6.76,5.31,3.39,2.52,1.63,0.12,-0.05,-0.26,0.28,1.41,1.23,1
1.02,-0.15,3.22,1.0,0.25,-0.47,-0.18,-0.92,-1.87,1.56,2.34,3.19,4.64,2.74,4.43,4.7,2.97,2.19,0.74,1.73,0.78,2
-0.62,-1.45,-1.61,1.51,1.35,0.83,-1.52,0.28,2.98,4.78,4.74,3.84,2.54,3.8,5.1,2.1,3.13,1.28,-0.7,0.43,-1.0,2
-0.26,-0.51,1.87,-0.25,0.64,0.43,-0.24,0.26,1.63,4.54,4.61,4.62,5.07,2.98,3.78,2.12,3.85,1.57,1.93,1.46,-0.01,2
-0.05,0.14,1.94,3.23,3.16,2.27,4.97,4.49,4.57,4.09,2.98,1.04,-0.61,0.58,1.46,0.7,0.63,0.35,-1.12,-1.11,-2.0,1
0.23,0.47,1.25,2.14,3.99,6.37,6.37,5.12,3.68,2.74,0.26,-0.53,-0.13,0.33,1.1,-0.96,-0.09,-1.03,-1.29,0.47,1.93,1
-1.85,-0.24,1.73,2.33,3.03,3.88,5.69,5.34,4.8,2.36,2.12,1.88,2.19,-0.67,0.21,0.46,-0.2,-0.84,0.95,-1.14,0.99,1
-0.25,-0.35,1.46,-2.44,0.6,0.33,1.31,4.02,0.56,3.96,3.73,3.21,3.59,4.11,3.7,2.37,2.53,0.98,0.62,2.02,-0.55,2
-1.47,0.6,1.39,1.71,0.22,0.63,-0.52,2.13,2.61,2.5,3.66,3.55,4.42,4.11,5.52,1.18,2.23,1.35,2.1,2.18,-0.39,2
0.28,1.43,-0.28,1.65,3.11,3.36,5.49,6.04,4.03,3.97,3.06,1.45,1.68,1.18,-0.62,-0.09,0.82,0.52,1.3,0.85,-0.54,1
0.52,-0.22,2.16,3.45,2.2,2.41,3.87,7.03,4.57,3.3,3.66,0.95,1.27,1.56,-1.47,-0.02,-0.08,0.54,-0.84,-1.24,-1.24,1
0.84,-0.74,0.58,3.06,-0.59,4.18,2.34,2.65,4.08,5.24,2.87,4.2,3.62,2.03,0.66,2.32,1.92,1.34,0.47,0.91,0.17,1
0.51,-0.79,-2.07,-0.3,-0.86,0.42,0.54,0.6,1.18,2.03,3.29,3.76,3.92,2.99,4.51,3.5,1.79,3.68,1.14,2.31,-1.28,2
0.29,1.47,0.42,0.61,-0.32,1.7,1.74,2.05,3.72,4.67,5.1,5.36,4.46,4.23,1.34,0.81,0.45,0.45,0.67,0.34,-1.92,2
-0.31,-0.1,-1.18,1.56,2.2,0.52,0.72,2.66,1.44,3.41,4.94,3.5,4.85,4.02,4.03,3.6,3.88,1.03,1.06,2.9,0.35,2
0.21,0.13,0.09,2.48,2.25,1.47,4.15,3.34,6.44,3.89,5.56,3.1,1.92,1.62,1.81,0.36,0.43,-0.52,0.26,-0.7,-0.45,1
-1.35,1.24,-1.62,0.78,0.3,0.49,1.53,1.63,2.39,1.97,3.39,4.98,3.99,3.89,3.7,3.99,1.4,1.86,0.32,-0.33,1.23,2
-1.47,1.18,0.68,0.26,-0.96,-2.55,1.25,1.91,2.69,1.78,4.69,3.59,3.22,2.1,4.87,2.36,2.54,2.54,0.5,3.08,0.47,2
-0.35,-0.39,0.01,-0.7,1.31,3.32,2.06,4.43,3.71,4.16,5.83,5.4,2.75,3.09,2.17,1.95,0.68,-2.24,-0.46,0.58,0.73,1
-0.64,-1.15,-0.26,-0.9,-1.6,1.76,0.81,0.94,2.97,4.84,4.15,2.42,5.95,3.58,4.13,2.32,0.52,1.92,2.28,-1.1,0.63,2
-0.28,-0.08,-0.5,-1.62,-1.59,0.85,1.99,1.22,0.01,2.98,4.96,3.84,4.29,6.1,3.26,1.44,1.08,0.09,-0.15,-0.84,-0.25,2
0.41,-0.14,-1.23,0.18,0.33,0.58,1.79,1.47,4.92,3.13,4.09,4.0,5.18,3.47,1.94,2.34,1.08,0.31,-0.18,-1.8,0.09,2
0.25,-0.75,0.47,-0.35,1.38,0.25,0.95,1.19,0.67,0.26,3.47,2.76,4.16,4.61,5.35,4.89,2.97,3.79,1.96,-1.5,0.61,2
0.49,0.7,-0.23,1.58,2.33,3.39,2.26,5.13,6.11,4.08,2.83,2.7,3.06,3.1,2.59,0.35,-0.96,1.14,-1.07,-0.38,-0.12,1
1.31,-0.25,2.02,-0.27,0.92,-0.82,-0.75,1.76,-1.13,1.29,1.93,3.09,4.78,5.07,5.0,2.97,4.8,3.7,3.3,1.29,-1.06,2
0.14,0.19,0.28,2.09,3.82,4.58,2.72,3.81,3.87,3.93,4.57,0.94,0.35,2.07,0.36,-0.91,0.15,-0.28,0.76,-1.06,0.27,1
0.8,1.78,-0.78,-0.03,2.28,0.22,2.7,3.91,4.42,5.39,6.46,4.86,2.72,3.03,2.1,1.87,-0.96,-0.65,0.08,-0.07,0.56,1
-1.32,-1.2,0.53,-0.55,1.5,1.98,3.63,3.6,4.16,5.06,4.38,4.19,2.05,1.09,2.7,1.43,-1.1,-1.21,-0.28,0.51,0.15,1
2.1,0.03,0.85,1.77,2.39,1.23,4.82,4.11,2.02,3.32,5.01,4.46,1.17,0.4,0.16,1.07,0.43,0.57,-0.29,1.64,-0.28,1
0.32,-1.61,2.37,-1.52,-0.23,-2.3,-0.71,1.54,0.68,0.64,1.67,4.56,3.89,6.49,6.87,4.57,3.2,1.88,1.77,1.21,-0.28,2
-0.9,1.58,-0.12,2.17,4.32,5.56,6.41,5.12,3.81,4.18,2.88,2.12,1.12,-0.6,-0.09,1.4,-1.42,0.53,-1.46,-1.01,-1.73,1
-1.26,2.31,1.27,2.64,2.08,3.88,3.87,4.34,4.67,1.62,1.21,3.7,1.24,0.23,1.32,0.85,-0.27,1.09,-1.12,0.07,-0.89,1
-1.08,0.11,1.19,-1.39,0.68,0.77,0.49,-0.04,0.41,3.8,2.77,3.7,3.0,6.11,6.24,3.25,6.71,4.0,0.35,0.24,0.59,2
-0.57,-0.74,-0.0,0.73,-0.37,1.12,-1.45,1.11,1.68,2.94,5.62,3.74,3.14,3.98,4.45,3.45,0.65,1.72,0.83,0.9,0.24,2
0.96,3.32,1.94,2.28,2.98,4.46,6.14,3.83,4.4,4.49,2.31,3.83,1.03,0.14,0.59,-0.65,0.71,-0.73,1.1,-0.58,-0.59,1
-0.22,2.0,2.09,0.66,4.74,3.42,6.67,4.17,5.56,2.43,2.55,2.49,0.43,0.57,2.36,0.73,0.49,0.31,-0.79,0.74,0.41,1
0.39,1.69,-0.22,4.44,2.72,2.29,5.25,3.84,2.84,3.53,3.83,2.71,0.24,-0.16,0.88,-0.12,-0.42,0.66,0.94,0.08,1.57,1
-1.32,1.13,-0.16,1.33,-0.79,0.8,-0.04,-1.91,0.44,1.95,3.91,3.68,3.48,6.65,3.92,4.87,2.23,2.19,1.12,0.03,-1.72,2
1.87,-0.24,0.01,0.15,-0.21,0.66,0.48,3.44,4.38,6.04,5.57,3.59,4.83,2.11,1.34,1.96,1.55,0.83,1.55,0.37,0.21,2
1.27,0.98,0.46,0.66,3.41,3.19,5.58,4.76,3.77,5.11,4.46,2.68,1.19,2.22,1.34,-0.21,-0.85,2.11,-0.89,-0.3,1.12,1
2.07,0.28,-0.61,0.48,-0.1,-0.89,2.56,0.17,1.73,2.71,1.78,4.44,5.73,3.4,3.45,3.98,2.03,1.67,-0.59,1.78,0.72,2
0.73,0.91,2.51,1.16,1.96,3.01,2.66,4.05,3.15,4.28,5.02,2.36,1.93,1.74,1.2,3.07,-0.56,-0.45,-0.46,1.2,-0.5,1
0.48,-0.1,0.42,-0.36,0.52,0.72,2.82,1.07,4.08,5.0,7.37,5.65,4.91,2.56,0.72,0.64,0.92,0.32,1.16,-0.99,-2.24,2
0.51,-1.18,2.03,0.69,0.11,1.13,0.63,1.87,2.24,2.08,3.96,3.39,3.15,4.07,3.55,3.54,2.52,0.97,1.12,0.16,0.82,2
-1.44,0.98,0.88,-1.07,-0.21,0.8,1.76,1.85,4.77,4.29,4.46,5.79,4.19,4.44,1.79,-0.73,1.61,0.47,-0.28,0.56,0.35,2
0.14,-0.23,-1.44,1.11,-0.6,1.25,-2.3,1.72,0.63,2.72,5.99,4.31,1.96,5.01,3.66,1.99,4.07,2.97,-0.57,-0.09,-0.21,2
-0.53,1.49,2.83,3.82,3.8,5.58,4.48,6.6,3.45,2.03,3.39,2.92,-1.02,0.43,-0.22,0.43,-1.92,-0.56,0.47,1.15,-1.35,1
-0.05,0.45,2.25,1.05,2.99,1.6,3.07,4.45,5.08,4.74,4.05,2.26,4.0,-1.22,1.61,-0.6,-0.34,0.51,0.69,-0.99,0.04,1
1.32,-1.88,0.1,3.29,2.94,3.37,4.3,5.32,4.94,5.46,4.57,3.87,1.42,1.61,0.01,1.11,-1.93,-0.83,0.81,1.63,0.11,1
-0.2,0.49,-0.12,-0.75,-0.03,1.88,2.83,3.46,5.21,4.12,3.78,4.3,3.67,3.52,0.06,2.25,0.03,-1.0,0.88,0.05,-0.5,1
0.26,0.66,-0.57,-0.06,0.89,1.99,1.24,1.22,3.86,4.37,4.48,5.71,2.63,3.08,3.58,2.72,1.24,1.91,1.32,-1.02,-1.26,2
0.58,0.86,1.46,1.48,1.41,2.68,4.6,3.47,2.95,4.97,4.05,1.39,2.15,0.92,0.74,1.78,-0.83,0.18,-0.81,-0.22,0.81,1
1.14,-0.25,1.49,-0.9,0.16,0.86,1.07,3.43,3.6,5.3,5.8,5.34,5.37,4.44,2.16,1.83,1.79,-0.43,-0.94,-0.6,-0.24,2
-1.08,0.08,-0.85,0.03,0.32,-2.0,1.05,0.44,3.98,2.58,3.49,2.5,3.99,4.44,4.33,3.07,2.22,1.78,0.94,1.84,-1.68,2
-0.88,0.51,0.51,0.64,0.71,-1.33,-0.2,0.48,0.51,1.66,1.32,4.89,3.38,5.64,5.27,5.89,2.71,3.92,0.23,1.15,-0.09,2
-0.64,-0.87,1.51,-0.84,0.43,2.82,1.77,2.75,3.54,3.6,5.9,3.89,4.92,2.85,3.83,-0.02,2.21,-0.41,1.59,-1.82,2.1,2
1.19,-0.64,1.03,-3.84,-0.32,0.55,0.75,3.76,3.23,3.72,4.78,6.18,2.06,3.16,3.66,2.71,1.02,1.26,0.36,0.49,-1.27,2
0.25,-1.1,1.55,0.77,-1.91,1.26,1.6,5.06,5.2,4.57,4.63,3.97,2.63,4.38,0.73,0.52,-0.04,-0.27,-0.76,0.31,-0.02,1
1.29,0.16,0.7,-0.02,0.51,0.91,0.84,0.42,0.43,2.82,2.77,2.88,2.77,5.82,6.27,4.33,2.29,2.11,1.44,-1.08,0.22,2
0.01,-1.99,0.16,2.3,-0.53,1.93,3.61,3.0,4.61,5.73,4.53,4.25,3.14,3.04,1.61,0.6,-0.52,0.62,1.0,1.21,-0.27,1
0.58,-0.49,-0.8,0.98,2.54,-0.03,0.51,-1.32,-1.87,1.11,2.92,2.43,4.07,2.8,4.57,3.29,1.82,3.29,3.07,0.37,0.24,2
-0.79,-0.38,1.55,1.08,1.14,0.07,0.06,-0.96,2.2,3.4,5.02,3.73,4.45,2.1,3.5,4.08,3.51,-0.43,1.39,-0.68,1.88,2
0.28,0.07,1.74,0.11,2.69,3.62,3.18,4.72,2.6,2.92,4.82,2.23,2.1,1.84,1.6,-0.48,-0.47,-1.25,-0.14,1.33,-0.38,1
-0.53,0.83,-0.22,0.78,-0.41,0.28,1.54,0.67,2.22,3.33,5.77,4.61,3.27,4.3,3.86,3.34,4.72,2.37,0.53,-0.02,-0.19,2
-1.09,1.1,-0.32,-1.63,1.75,1.53,0.84,3.19,4.28,4.99,6.25,4.32,2.16,3.5,2.38,1.62,0.48,-0.99,-0.38,-0.24,0.71,2
-1.23,2.15,0.16,0.3,-0.35,-0.11,0.44,2.35,1.33,2.92,4.63,4.75,3.72,3.07,5.56,3.44,3.03,2.67,1.5,0.24,-0.23,2
-0.62,1.69,2.42,1.76,1.77,-1.12,-1.06,1.55,1.14,1.0,0.88,3.25,2.28,5.14,5.34,5.04,4.23,2.77,2.8,0.86,-1.61,2
0.07,-0.98,-0.89,-0.72,0.15,1.45,3.7,1.37,2.84,4.47,5.22,3.96,3.35,3.47,1.68,0.82,0.07,-0.47,1.83,-0.43,-0.68,2
-1.35,0.55,3.42,2.69,2.23,3.66,4.0,3.68,3.78,3.88,2.37,1.83,0.67,1.88,-1.48,0.55,-0.19,-1.34,0.81,-0.46,-1.22,1
-0.82,1.43,0.17,0.2,-2.04,0.4,1.43,3.53,3.62,3.51,5.46,3.47,4.28,2.57,4.07,3.0,1.06,1.41,-0.05,-0.55,-1.06,2
1.22,0.37,-0.46,-1.23,-0.12,2.08,0.61,1.28,-0.24,2.71,3.25,4.13,4.04,4.39,7.37,2.7,3.51,2.74,0.83,1.49,0.23,2
-1.29,1.74,-0.87,1.64,-0.89,1.27,1.02,3.02,3.17,2.53,2.93,4.11,4.97,3.65,3.24,4.5,0.43,1.34,1.26,-0.68,-0.62,2
-0.07,1.41,0.16,1.05,0.28,3.68,3.55,4.84,4.07,2.7,4.34,2.49,3.71,3.13,3.32,1.25,-0.56,-0.26,1.59,0.87,-0.56,1
-1.71,0.76,0.37,-1.41,-0.27,0.45,1.16,2.55,0.71,2.49,3.07,4.08,2.8,2.51,4.02,3.73,1.39,2.58,1.6,0.75,-0.36,2
1.09,-0.1,-0.81,-0.56,2.33,2.93,1.24,1.46,4.17,4.05,3.85,6.56,6.07,4.59,3.13,1.54,0.26,-2.01,-0.54,1.45,0.38,2
0.41,-1.89,0.55,-0.03,-0.17,0.51,-2.06,-0.17,1.06,2.11,1.3,3.91,3.07,5.14,6.22,3.74,0.96,1.98,0.68,-0.08,0.92,2
-1.2,1.99,-0.16,-0.63,0.92,-1.03,1.74,2.71,1.37,2.37,2.77,2.03,3.39,2.42,4.18,3.57,1.88,2.57,1.88,-0.12,-0.73,2
-0.08,1.8,2.73,3.1,4.0,2.37,4.94,5.52,4.4,2.86,1.75,2.52,2.02,0.38,0.39,1.97,0.61,0.88,0.67,-2.31,-1.75,1
-2.52,0.11,0.38,1.98,-0.66,1.06,0.32,1.93,3.23,2.51,3.89,4.52,2.85,3.91,3.25,3.14,2.75,3.13,1.89,2.45,0.96,2
1.93,0.1,0.37,-1.67,0.95,2.97,4.25,2.53,2.84,4.14,5.5,5.74,2.45,0.43,1.27,1.9,-0.06,0.96,-1.31,-0.52,-0.35,1
0.66,-2.32,0.5,0.17,-0.97,-0.05,-0.52,-0.22,-0.27,1.57,2.29,3.84,4.12,4.68,5.11,6.36,3.28,1.28,3.89,0.69,0.68,2
1.77,0.56,-0.04,1.28,-0.53,1.39,2.67,1.81,3.45,5.18,4.05,4.5,4.89,3.61,3.47,2.67,3.09,1.43,1.15,-0.5,0.32,2
-0.15,-0.77,-0.44,-2.43,2.11,0.66,1.58,1.81,1.19,5.52,3.61,6.03,4.03,3.2,2.45,2.94,1.38,1.16,-1.06,0.91,-1.46,2
-0.62,1.17,-1.04,-0.76,0.3,-0.69,0.62,2.89,2.46,1.9,1.97,3.71,3.5,6.24,5.41,3.1,1.76,2.91,3.11,0.24,-0.87,2
-0.42,0.45,-0.6,1.53,1.25,1.28,-0.53,-0.05,1.63,2.74,2.11,3.44,6.16,4.55,2.29,6.02,3.78,3.12,4.17,2.14,0.55,2
0.49,1.06,1.98,0.38,1.54,3.4,4.94,3.11,4.22,2.45,4.72,3.86,1.83,1.4,1.42,0.32,-0.56,-0.23,0.22,-0.45,-1.57,1
0.25,0.7,4.14,1.24,4.36,4.93,5.6,5.5,4.58,3.51,-0.03,0.63,0.79,0.47,-1.11,1.27,0.24,1.82,1.1,-0.94,0.22,1
0.94,1.62,-0.02,4.6,3.68,3.48,5.28,4.03,4.11,3.68,1.68,2.41,0.41,-0.58,0.7,0.59,0.7,1.56,0.73,-0.79,1.01,1
-1.94,-1.39,-0.47,0.7,-0.43,0.7,2.89,3.62,3.3,3.95,5.94,4.75,5.16,1.99,1.9,1.24,-0.03,1.32,2.4,-0.33,-0.49,1
0.02,-0.42,1.56,0.78,0.16,-0.24,1.27,-3.52,0.09,2.53,2.22,4.06,3.67,3.91,6.19,3.8,4.26,2.09,1.67,1.65,1.0,2
0.35,0.03,1.33,1.4,4.14,4.14,3.92,3.8,5.25,4.46,3.75,1.65,0.39,2.25,-0.88,0.91,0.69,1.1,-1.3,-0.65,0.7,1
-0.46,-1.55,2.46,-0.63,-1.04,1.48,0.06,0.85,3.83,0.91,5.1,2.46,3.3,4.94,5.29,3.76,0.26,0.86,1.27,1.6,-0.63,2
0.41,-1.23,1.21,0.08,0.53,1.51,2.2,3.56,3.01,4.16,3.71,3.84,3.51,1.45,2.41,2.52,2.28,0.51,0.32,0.42,-0.33,1
1.04,0.99,0.78,0.39,-0.05,0.59,0.58,0.57,-0.01,1.37,3.05,3.03,2.63,5.95,5.76,3.32,3.85,2.78,3.48,-0.13,0.9,2
-0.86,0.44,-0.74,0.93,0.05,1.09,-0.58,1.77,3.48,1.31,2.5,3.05,5.53,3.29,4.93,5.6,3.21,0.83,1.11,0.99,2.33,2
1.59,1.11,1.08,1.44,3.62,3.47,5.19,3.72,2.85,4.31,2.73,1.58,-0.56,0.8,1.44,1.33,1.28,1.24,-0.98,1.8,0.67,1
0.59,0.45,1.8,0.29,-1.49,-0.24,1.72,0.91,2.26,2.49,4.67,5.2,5.17,4.38,3.78,2.12,1.63,1.59,-0.51,0.04,0.4,2
-1.16,2.83,0.1,0.69,0.53,2.35,3.53,3.05,5.88,3.87,4.85,3.11,2.56,4.01,1.79,0.83,-0.23,0.54,0.39,0.11,0.66,1
0.63,0.71,1.18,0.23,0.11,4.37,5.97,2.71,3.01,4.34,4.3,4.34,2.41,-0.64,1.23,2.33,-0.77,-0.47,0.42,0.07,-0.7,1
-0.38,2.1,-1.44,-0.31,0.88,0.01,0.58,3.01,1.93,6.18,3.41,5.09,3.35,3.21,2.33,2.02,1.38,1.43,1.63,-0.34,0.46,2
1.14,-0.98,-0.36,-1.21,-1.13,0.88,0.08,2.04,0.71,3.89,5.51,5.58,3.34,4.54,3.3,2.74,0.44,0.41,-0.8,-0.59,0.93,2
2.63,1.01,0.55,-0.78,0.57,1.06,2.51,2.16,4.17,5.68,5.57,4.25,4.0,4.51,1.06,2.47,-0.89,2.2,1.32,-0.74,-0.11,2
-0.07,1.93,-0.13,0.23,-0.35,1.5,2.56,4.58,3.19,6.4,6.76,5.21,2.61,2.22,1.51,1.47,0.72,-0.39,-0.42,-0.8,0.42,1
1.01,0.56,-0.19,-2.36,1.33,1.05,1.55,0.89,3.55,4.97,6.28,4.93,2.75,2.7,1.09,2.14,-0.3,0.37,-1.68,0.76,-0.47,2
1.83,0.54,1.88,0.38,-0.91,1.28,2.19,4.83,3.13,4.49,4.82,4.45,2.99,1.35,1.31,1.89,-1.31,-0.24,1.7,-1.16,0.88,1
-0.58,0.64,0.54,2.29,3.35,2.97,4.31,3.89,3.32,5.97,5.31,1.43,1.45,1.14,1.72,-0.88,-0.97,2.02,0.55,0.57,-0.5,1
0.06,0.15,-1.12,0.95,-2.62,-0.14,1.0,1.36,3.47,3.0,3.73,4.24,3.9,3.34,4.25,3.62,2.76,1.44,3.02,-0.26,-0.07,2
1.13,-1.17,1.6,-1.41,-0.04,2.02,1.25,5.25,2.87,4.84,6.23,6.42,7.5,3.07,1.42,1.46,0.61,0.63,-0.48,0.91,-0.7,1
-1.09,-0.07,0.29,1.71,0.61,1.68,3.07,4.16,3.4,5.47,4.08,2.31,4.07,1.85,1.23,-0.74,0.45,-1.09,-0.3,0.84,-0.02,1
1.29,-0.45,1.56,3.21,2.59,2.17,5.53,4.63,4.89,4.64,4.08,4.77,2.43,2.87,0.58,0.38,-0.56,-1.5,-1.13,-1.22,-0.08,1
-0.81,-0.13,-0.99,2.2,0.11,0.12,0.24,1.11,1.15,2.35,3.4,5.65,2.87,4.08,3.07,4.49,1.71,1.75,0.91,0.45,1.65,2
0.15,-0.98,0.09,0.57,-0.59,1.69,3.3,3.45,2.2,5.38,4.23,5.69,0.85,2.77,0.7,0.2,-0.12,-0.01,-0.93,-1.12,-0.47,1
-0.26,1.1,0.98,2.15,0.84,1.67,1.06,2.59,4.01,5.66,6.18,3.1,4.53,2.92,1.92,0.81,0.74,0.05,-0.75,-0.63,0.82,2
-0.28,1.52,1.96,1.12,0.06,1.39,3.82,2.74,4.58,4.23,7.46,3.46,2.26,2.73,1.04,0.87,2.13,2.01,0.7,-1.5,0.19,1
-0.17,-1.05,-0.16,-0.59,-0.61,0.05,0.23,0.86,0.88,2.64,1.39,4.83,4.44,3.84,5.23,3.69,3.06,2.13,0.96,0.15,-1.1,2
-0.12,-0.08,0.48,1.92,1.58,-0.46,0.6,1.45,1.25,2.43,4.26,3.09,3.53,2.9,4.52,2.76,4.01,1.37,2.01,2.01,2.17,2
1.22,1.63,-1.71,-0.78,-0.82,2.32,0.94,3.05,2.81,5.46,6.0,5.82,4.27,3.46,3.5,2.18,0.25,1.28,-0.97,-0.24,-0.11,2
-0.21,0.47,-0.65,-1.32,0.66,0.26,2.0,1.26,0.8,-0.06,0.68,3.4,6.09,4.92,6.34,5.47,3.53,3.59,1.84,1.59,0.36,2
-0.38,-0.61,0.51,0.85,-1.1,1.02,-0.32,0.79,2.94,1.72,2.02,3.54,3.43,3.84,5.55,3.45,3.75,1.75,1.76,0.73,0.69,2
0.52,0.16,-0.4,1.51,1.14,0.55,0.08,0.7,1.51,1.46,1.98,2.51,3.19,5.46,5.2,6.42,3.97,2.51,2.84,1.75,-1.12,2
-1.79,0.73,0.92,1.36,0.11,1.51,2.04,2.82,2.09,5.67,4.08,6.22,4.14,3.06,2.86,0.21,1.89,1.88,0.2,-0.29,0.51,2
0.15,-0.09,1.02,0.34,1.0,0.16,0.46,3.68,2.62,5.95,7.57,5.55,5.5,0.58,2.92,0.37,-1.25,-0.16,-1.6,0.47,0.19,1
-0.13,-0.1,-0.72,-0.38,0.06,2.4,2.03,3.12,5.08,4.91,5.33,4.7,6.14,4.13,1.71,1.35,1.24,0.21,-0.61,0.49,-0.3,2
-0.16,1.4,-1.54,1.42,1.92,1.14,0.59,-1.51,0.92,2.94,2.85,2.79,3.61,4.34,5.27,4.51,3.08,1.73,2.43,1.09,1.26,2
-0.23,-0.61,1.0,0.14,-1.56,1.55,2.34,3.92,5.61,4.71,6.14,4.36,1.95,4.85,1.95,0.68,-0.64,-0.69,-0.27,-0.74,0.56,2
0.38,-0.21,-1.59,0.75,-0.53,0.63,1.19,2.49,4.31,4.84,5.55,4.23,2.5,2.61,1.04,1.83,0.54,0.89,-0.13,-0.11,-0.9,2
0.57,0.46,0.87,-0.74,-0.17,2.45,1.53,0.82,5.1,4.61,5.09,4.73,4.3,4.56,3.05,1.83,-0.52,0.96,-0.67,-1.36,0.92,2
-0.71,-0.4,-0.84,-0.67,1.58,0.98,2.54,2.23,2.61,2.09,4.11,4.75,5.82,3.17,3.21,-0.4,1.63,-0.35,-1.15,-0.33,0.54,2
-1.15,1.39,2.78,-0.17,-0.7,-0.38,0.98,-0.27,1.07,2.34,2.7,2.93,4.58,4.17,5.93,5.63,3.74,3.26,2.15,1.69,-1.59,2
-0.51,0.06,0.49,1.26,0.73,0.97,1.95,2.03,3.35,4.44,4.86,4.36,2.86,4.4,4.29,3.14,1.2,2.15,1.95,0.21,-0.17,2
1.56,-0.27,0.85,-0.67,-0.01,1.78,1.72,3.84,3.48,6.07,5.92,5.58,4.57,0.16,1.02,-0.16,-0.55,0.99,-0.4,0.23,-0.5,1
0.04,1.92,0.97,3.44,3.75,3.53,7.18,6.2,4.96,2.65,1.87,1.73,1.32,0.43,0.02,-1.32,-0.12,0.54,0.49,-1.14,-1.02,1
-0.79,0.01,1.62,-0.63,0.27,-1.12,-1.07,1.62,-0.79,0.79,2.34,3.53,3.74,2.09,7.64,3.87,3.58,0.37,3.01,1.46,-0.12,2
-0.58,0.31,0.38,0.58,1.97,2.87,0.44,0.51,1.52,3.83,5.23,2.74,5.65,4.08,3.39,1.99,0.81,1.8,0.96,1.11,1.36,2
1.3,0.6,0.71,1.23,2.97,3.45,3.38,2.86,4.94,4.46,4.74,3.73,0.42,2.35,0.64,0.22,0.28,-0.69,0.22,0.56,-1.15,1
0.72,0.05,0.24,1.2,-0.87,-0.6,2.67,3.32,2.72,3.9,6.46,2.05,4.38,2.35,1.68,4.52,0.91,0.56,2.23,0.88,-2.37,2
-0.07,-0.74,-0.33,1.55,1.34,0.54,3.14,3.34,4.71,4.64,5.34,3.96,2.78,2.58,0.67,1.24,0.35,-0.74,-1.15,-1.86,0.3,1
0.81,0.61,3.23,3.43,3.54,4.74,3.22,5.09,5.78,2.87,2.87,1.04,1.5,1.43,0.48,0.49,0.2,0.16,-1.06,-0.33,-2.56,1
0.7,2.97,3.69,2.56,3.23,2.92,5.33,2.52,4.4,3.41,1.85,1.21,-0.73,0.78,0.92,1.06,-0.84,-1.14,-0.14,0.07,1.41,1
0.12,1.58,0.62,0.39,0.31,2.88,2.66,4.93,2.73,2.82,5.29,1.9,1.97,1.44,0.37,-0.1,0.49,1.26,-0.51,0.1,0.18,1
0.06,-0.34,-1.32,0.13,-0.14,1.59,3.64,2.05,4.21,4.65,5.11,5.43,4.68,4.68,1.18,-0.47,-0.02,0.29,0.29,0.43,-0.55,1
-0.23,-0.4,2.44,4.46,1.57,4.35,6.21,6.2,3.34,2.73,2.12,3.35,1.46,1.58,0.02,0.9,0.18,-1.39,-0.58,-0.56,-1.48,1
-0.09,-0.44,0.32,0.93,2.21,2.84,2.93,4.67,3.04,3.3,7.23,4.6,2.69,0.46,0.24,0.28,0.31,0.62,0.16,-0.77,0.36,1
-0.98,-0.34,0.67,0.5,1.39,0.2,3.1,1.28,3.52,1.72,4.97,5.05,3.99,2.84,2.92,1.75,-0.57,-0.48,-0.58,0.92,0.64,2
-0.14,0.63,1.76,1.08,3.94,5.46,7.49,5.07,5.82,2.82,5.07,1.06,2.1,1.89,-0.24,1.02,1.72,-0.1,1.19,0.03,-1.35,1
-1.19,0.47,-0.82,-1.44,-0.26,0.71,0.78,1.87,2.81,3.4,3.89,2.88,3.45,3.25,2.89,2.0,2.21,0.46,0.71,0.72,0.03,2
1.24,-0.19,0.04,0.05,-0.29,-2.04,-0.05,0.62,-0.89,0.1,2.69,3.42,5.23,6.28,7.8,4.88,4.66,3.36,2.06,2.74,-0.93,2
0.68,-0.03,1.99,0.14,-1.35,0.05,0.52,1.25,2.01,2.46,1.73,4.17,2.1,4.78,4.04,3.31,3.45,1.0,2.3,-0.66,0.28,2
0.33,1.14,0.02,2.3,1.81,3.11,2.21,5.02,4.15,4.34,4.4,3.26,1.67,2.3,1.21,-0.63,0.64,-1.15,-0.56,-0.99,0.11,1
0.09,-0.65,-0.41,0.69,4.11,1.77,2.25,2.75,2.99,4.66,4.92,4.02,2.83,2.49,1.31,1.01,1.06,-0.85,-0.73,-1.46,-0.58,1
-0.05,-0.34,-1.22,-1.05,-1.47,-0.3,2.37,1.73,3.83,2.53,3.62,5.79,4.19,3.71,2.0,1.02,-1.16,1.51,1.33,0.18,0.17,2
1.65,-0.2,0.55,1.23,-0.42,2.63,1.85,4.75,3.77,5.41,6.12,3.14,3.38,3.69,2.21,0.5,-0.32,-0.75,-1.45,0.32,-0.5,1
-1.26,-1.2,-2.01,0.09,-0.72,-0.53,0.69,-0.21,1.23,3.38,3.69,2.61,3.71,2.48,3.02,3.05,1.81,2.08,2.23,1.32,-0.5,2
-1.1,0.48,1.25,0.36,-0.95,-0.75,0.61,3.21,2.79,1.94,3.89,2.91,4.18,3.14,2.12,2.91,1.9,0.15,1.26,-0.06,-1.52,2
0.06,0.68,0.27,0.14,1.14,1.64,0.69,2.87,2.9,0.91,4.42,2.95,4.48,4.5,8.04,4.1,2.81,3.49,0.66,-0.49,0.61,2
0.14,-0.5,0.05,1.45,1.35,1.71,5.54,3.81,3.49,3.66,4.09,3.72,1.83,0.32,2.12,0.01,1.24,0.08,1.06,0.92,-0.21,1
-0.83,-0.1,1.62,-1.39,0.78,0.06,1.99,-1.11,1.23,1.19,2.26,3.62,1.59,4.91,4.32,3.5,3.62,2.31,-0.45,-0.12,-0.16,2
1.77,-0.72,0.09,1.06,-1.37,1.42,5.34,1.87,4.86,4.39,5.91,5.67,4.52,0.51,2.37,0.43,0.14,0.58,1.89,0.76,0.94,1
-0.12,-0.42,0.05,1.01,-1.16,2.51,1.95,2.42,4.78,6.56,7.24,5.6,4.71,3.71,1.8,0.76,1.36,0.27,2.11,0.57,-0.75,2
-0.8,0.58,0.16,1.84,0.4,0.35,0.79,0.35,2.98,2.73,2.66,5.98,3.6,4.79,4.29,1.54,0.83,1.93,2.28,0.98,-0.26,2
-1.18,1.72,0.21,-1.54,1.11,-0.61,0.29,3.15,3.26,4.27,5.59,5.65,1.68,1.52,2.6,1.24,-1.3,1.09,-0.91,-2.04,1.07,1
-0.08,-1.16,2.75,2.2,0.06,1.94,5.98,2.3,3.61,2.79,4.23,3.06,4.62,-1.0,0.83,1.17,-1.0,-0.4,-1.22,-0.03,-0.06,1
1.9,0.64,0.11,1.19,-0.27,0.75,0.32,2.29,0.84,1.98,3.46,1.34,5.28,6.53,3.83,2.55,4.55,2.05,2.95,1.33,0.11,2
0.28,-0.41,-1.05,-1.9,1.26,-0.13,0.66,-0.67,0.45,2.42,3.06,1.39,5.17,4.53,5.75,2.03,3.94,1.45,2.77,1.05,0.04,2
1.01,0.28,2.87,3.04,4.06,5.27,2.47,4.86,5.93,4.35,3.7,1.15,0.77,-0.34,-0.59,-0.4,1.22,0.23,-0.44,-0.48,-1.84,1
0.79,0.97,2.53,2.45,3.64,4.8,3.87,4.78,3.65,1.66,2.04,1.08,1.01,1.54,0.68,-0.58,-0.05,-1.12,0.99,-1.53,-0.65,1
0.64,0.79,0.26,0.39,2.25,2.86,2.54,2.26,3.99,1.25,3.01,3.73,2.72,1.32,-0.01,-0.34,0.22,0.9,1.02,-1.28,-0.66,1
0.45,-0.49,0.64,-1.29,-0.06,-0.29,0.24,0.87,0.6,0.41,3.28,3.27,3.65,5.77,5.38,3.33,4.41,2.37,-0.06,0.45,-1.62,2
-1.45,-0.12,-0.35,-0.57,-1.08,1.02,-1.39,0.17,0.95,1.04,3.79,3.31,5.43,3.34,5.19,4.91,3.39,2.38,1.84,0.79,-0.06,2
0.71,-0.85,-0.62,1.41,-1.15,-2.48,1.49,-0.51,0.15,2.16,2.79,1.69,6.05,4.44,5.76,3.84,2.82,2.47,0.91,0.63,-0.04,2
1.58,-0.77,-0.06,0.58,0.07,2.92,0.72,2.63,2.48,2.74,4.27,2.57,2.52,4.22,4.69,2.64,1.85,0.02,1.32,2.07,-0.22,2
0.85,0.44,-1.16,1.69,-0.42,1.9,-3.28,-0.35,1.02,1.44,1.49,3.77,4.52,4.85,4.96,3.82,2.6,2.8,2.72,1.96,0.49,2
-0.15,-1.56,-1.95,-0.06,0.09,-0.63,2.24,1.97,2.47,1.69,4.65,3.7,4.47,2.55,4.58,3.1,1.57,0.15,-0.79,1.01,1.74,2
-1.35,0.93,1.37,2.13,1.44,1.51,3.39,3.74,3.95,3.23,4.49,4.43,3.43,3.2,1.37,-0.46,-1.48,2.16,0.28,-0.45,2.36,1
0.25,-0.47,2.16,3.33,2.42,4.58,5.8,6.97,3.3,4.32,3.17,2.54,-0.23,1.17,-1.04,-0.62,-0.62,-0.62,1.15,0.18,-1.55,1
0.27,0.25,0.97,1.27,2.46,6.47,4.48,4.69,3.0,3.82,3.59,0.35,2.06,1.65,0.46,0.27,0.8,0.16,-1.42,-0.75,-0.25,1
-0.03,0.06,0.83,1.12,2.43,2.54,2.98,4.11,4.14,3.64,6.35,2.63,1.85,1.82,1.44,-0.19,2.34,0.18,-0.51,-2.84,0.93,1
1.14,-0.56,0.17,0.12,1.56,2.59,3.16,2.43,3.21,4.71,5.97,4.64,4.66,2.01,4.16,1.71,-0.06,0.22,0.48,-1.84,-1.31,1
1.23,-0.48,0.7,0.06,0.51,-0.42,0.87,1.18,0.87,3.76,5.74,3.52,3.16,5.51,4.25,1.69,1.23,1.78,2.95,0.07,-0.33,2
-1.24,1.5,0.03,1.22,-0.07,1.59,1.8,1.02,0.62,3.35,3.55,2.13,4.57,4.61,2.2,2.81,1.09,2.51,2.48,-0.85,0.28,2
-0.04,0.3,1.2,2.38,3.22,4.97,4.57,3.71,4.04,2.05,3.51,1.38,0.45,0.79,0.16,1.14,-0.43,-0.61,-2.05,0.16,0.19,1
-0.1,0.53,0.2,-0.3,-0.26,2.46,0.88,1.89,5.02,4.13,4.4,4.1,5.36,1.99,4.93,2.1,1.45,1.66,1.82,-0.61,0.17,2
-0.04,1.24,0.11,-0.51,0.8,0.58,-0.49,-1.13,-0.46,1.42,0.8,2.54,3.9,3.68,5.06,3.95,4.75,2.42,0.54,-0.28,-1.49,2
-0.38,0.74,-0.43,2.02,1.67,2.6,3.2,4.07,5.9,4.72,5.49,4.66,4.53,3.31,2.05,-0.09,0.19,-1.49,-0.01,-2.26,-0.01,1
-0.71,-1.15,1.97,-0.28,0.38,0.36,0.33,1.39,-0.42,1.63,2.26,2.55,3.59,5.8,5.58,5.28,3.04,2.43,1.96,-0.53,-0.18,2
-0.03,0.86,0.85,-1.01,0.64,0.12,3.2,3.15,1.81,4.88,6.55,4.09,3.62,5.01,2.09,2.78,1.0,0.08,0.47,2.0,0.5,2
1.68,0.12,-0.69,-0.84,-0.98,0.38,0.7,2.84,4.17,2.62,3.48,5.62,2.73,5.5,2.74,2.05,0.06,-0.38,-0.25,1.18,0.65,2
-1.15,-0.54,-0.19,-1.26,-0.5,-0.37,0.26,1.23,3.37,-0.36,5.02,2.74,4.2,5.8,2.57,4.72,2.5,1.96,2.47,0.78,-0.49,2
-0.31,-0.1,0.73,-1.02,4.0,1.4,2.76,5.28,4.35,3.63,5.86,4.62,2.72,2.55,2.37,1.79,-1.63,0.4,0.49,-1.62,0.31,1
0.39,2.67,0.38,2.08,3.48,2.2,3.79,4.28,3.86,6.0,3.38,5.3,2.89,1.02,1.18,1.89,-1.76,0.46,0.4,0.51,-0.25,1
1.1,-1.39,-0.24,-0.37,-0.85,-0.81,0.79,1.58,3.04,3.93,5.08,5.57,3.43,5.06,2.79,1.65,1.46,0.76,-1.2,-0.04,1.81,2
-0.59,1.65,-0.88,0.09,0.94,0.21,3.22,0.83,1.05,3.44,5.64,5.36,5.11,2.98,4.0,-0.06,2.23,-0.07,-0.6,1.05,-0.55,2
1.23,-0.9,-0.01,-2.33,-0.89,-0.35,0.26,0.25,0.22,1.37,3.08,1.31,3.18,4.63,5.24,5.54,1.92,2.7,2.68,0.69,-0.55,2
-1.04,0.59,0.25,1.13,1.96,1.54,2.29,3.59,5.81,4.88,5.08,2.77,2.78,3.43,1.85,-1.02,-1.24,1.0,0.2,0.02,-1.01,1
1.2,-0.48,0.8,1.72,0.17,0.87,0.76,2.72,3.55,4.12,5.44,4.42,3.41,1.86,1.62,-0.55,-1.15,-1.21,0.54,1.57,-2.09,2
-1.59,-0.43,-1.02,-0.53,-1.36,2.24,1.99,1.81,3.82,5.25,6.05,1.19,4.01,4.21,2.65,2.79,-1.4,0.36,-1.05,0.73,1.26,2
0.61,1.01,-0.88,0.6,-0.55,1.31,-0.79,3.33,0.48,1.18,5.13,3.72,4.14,5.13,3.48,2.53,0.15,1.65,3.82,0.24,1.01,2
0.2,0.49,0.92,1.09,1.04,2.63,2.11,4.3,2.87,4.11,4.32,3.58,3.22,2.85,-0.63,0.28,0.62,-0.96,-0.67,0.72,-1.44,1
-1.02,1.23,-0.02,1.56,1.8,2.14,4.06,5.42,5.42,5.44,4.77,3.99,1.92,3.18,0.23,1.46,0.2,-0.81,0.05,0.47,-1.43,1
-1.79,2.35,0.36,2.59,2.73,0.21,2.61,2.03,4.51,4.2,4.52,2.71,3.15,-0.71,0.07,1.09,-2.49,-0.74,-1.29,-1.72,1.31,1
2.5,0.68,-0.2,0.02,2.07,-0.59,1.12,0.71,1.07,3.27,4.01,2.32,2.96,5.33,4.86,2.82,2.05,1.15,-0.31,0.66,1.96,2
-0.78,1.72,2.96,1.93,4.84,3.02,4.48,4.12,2.75,3.6,3.95,1.35,1.54,1.08,1.8,3.06,-0.21,-0.93,-0.25,0.36,0.84,1
-1.48,1.45,-1.07,-0.39,-0.16,1.04,2.74,2.33,2.05,4.75,6.38,5.76,0.83,2.06,1.26,3.44,1.66,0.1,-0.4,-0.5,-0.19,1
-2.17,0.54,-0.29,-1.61,0.61,-0.94,2.2,4.01,3.05,5.59,5.29,4.17,5.16,1.54,3.74,2.04,-0.7,1.56,-0.41,-0.43,-0.3,2
-0.03,-0.11,1.5,0.9,-0.92,0.6,0.27,0.1,0.63,4.3,3.73,2.52,4.64,4.88,5.77,3.51,4.47,1.56,2.11,0.43,0.49,2
-2.01,0.76,-0.16,0.27,-0.63,-1.14,0.55,0.78,1.06,2.98,3.02,3.62,3.29,5.42,4.08,3.57,5.27,4.0,2.28,-0.25,1.31,2
0.75,0.13,0.18,1.08,-0.43,0.89,3.95,4.28,6.17,4.27,4.33,3.09,1.82,1.28,0.57,1.45,-0.73,1.09,0.88,-2.51,-1.19,1
-0.44,0.89,1.12,0.18,2.17,-0.33,-0.75,-0.37,-1.01,2.64,2.08,2.52,4.32,5.49,5.44,5.09,3.74,3.02,1.94,-1.39,-1.96,2
-0.48,0.73,2.52,1.46,3.52,3.59,4.93,4.73,6.07,2.31,3.75,1.66,1.89,-0.35,0.08,0.76,-1.54,1.39,2.76,-0.96,0.39,1
2.0,-0.56,-0.1,0.12,0.6,0.99,-1.16,1.36,2.02,2.19,2.92,6.95,3.48,4.1,2.33,0.97,2.58,2.71,1.51,2.27,-0.32,2
2.6,-1.64,1.68,0.8,3.11,4.5,3.89,4.56,0.28,6.0,2.51,4.16,0.27,1.95,1.15,0.57,0.61,-0.94,-0.61,-1.37,0.27,1
-0.15,-0.29,2.27,0.59,1.59,-0.68,-0.7,0.45,0.5,1.19,4.69,3.61,3.39,4.92,5.48,3.57,4.23,2.34,1.69,2.21,-0.94,2
0.77,1.89,-0.1,2.99,1.75,3.01,4.46,5.44,4.76,3.4,4.53,3.02,4.18,3.12,0.4,0.81,1.19,-3.19,-0.45,0.9,-2.61,1
0.38,0.55,0.08,-0.6,-0.68,1.38,0.27,0.61,-0.02,1.95,1.42,3.99,4.44,6.56,2.93,4.24,2.33,2.38,1.53,-0.13,0.95,2
-1.44,-0.02,-0.08,1.37,0.63,0.59,1.44,2.31,3.61,3.92,4.87,5.27,5.66,4.49,4.75,4.1,1.01,-0.65,-0.51,0.11,1.93,2
-0.99,0.11,3.23,2.31,1.81,4.27,5.49,6.16,3.9,3.26,1.54,2.27,2.12,0.44,-0.4,-0.42,1.24,-1.61,-0.75,0.63,0.16,1
-1.36,-0.18,0.89,-0.44,1.33,-1.62,-1.61,-0.26,1.68,2.06,2.52,4.83,3.79,4.67,4.97,4.9,3.57,4.48,3.28,0.98,1.95,2
0.3,-0.32,-0.91,-0.18,-0.21,-0.97,-0.15,1.83,-0.55,1.52,0.01,3.68,5.21,6.32,8.28,4.44,2.41,1.89,2.1,2.11,-0.42,2
1.51,-0.36,0.45,0.33,3.8,3.67,5.77,3.59,4.25,4.47,3.0,3.54,1.92,5.09,0.77,-0.14,0.72,-1.79,-0.36,-0.72,0.42,1
-0.39,2.18,1.67,1.14,-0.44,3.75,2.61,3.94,3.16,4.14,6.01,2.23,2.54,0.69,0.05,1.45,1.62,0.38,1.13,-0.74,0.52,1
-2.81,2.79,2.2,3.03,1.07,1.73,2.83,4.57,5.42,5.47,3.37,3.53,1.98,0.73,2.91,0.16,-0.98,0.01,1.0,-2.53,-1.0,1
1.68,2.26,1.0,-0.16,0.76,2.67,1.79,2.86,4.28,3.07,5.12,4.9,3.13,5.17,2.76,2.44,2.38,0.33,-0.21,-0.65,0.81,2
0.5,-0.53,0.48,0.95,0.86,-0.3,1.6,1.84,2.26,4.81,3.87,3.87,4.37,4.52,5.21,1.75,2.37,2.59,1.2,1.03,1.21,2
0.93,2.08,0.61,-0.27,0.81,0.15,-1.25,-0.25,0.56,1.48,2.39,2.54,4.36,5.54,5.37,6.22,5.48,2.78,2.84,-1.26,1.28,2
-0.56,0.64,-0.19,0.14,-0.46,0.88,1.66,1.98,1.03,4.77,4.91,5.12,4.58,5.96,5.57,3.13,2.24,1.84,0.32,-1.05,1.36,2
1.46,-0.13,0.42,1.03,0.29,1.65,-0.71,0.14,-0.22,1.98,1.09,2.44,3.41,3.21,7.62,4.19,3.94,2.35,3.0,2.18,-0.4,2
-1.51,0.68,1.73,1.67,4.86,4.74,4.39,4.85,1.73,2.54,2.28,0.11,-0.1,0.2,1.26,-0.91,-0.85,-0.24,0.78,0.32,0.35,1
-0.3,0.22,1.58,0.4,-0.07,1.47,2.99,4.04,1.96,5.39,5.67,3.53,3.94,1.8,1.96,0.95,-0.89,-1.39,0.11,-1.0,3.1,1
0.57,-1.42,-0.47,-0.91,-0.68,0.67,-0.08,1.22,1.73,3.62,5.09,3.11,4.12,4.08,2.98,2.73,3.08,-0.7,0.7,1.69,1.32,2
-1.56,-2.15,0.99,-0.28,-1.06,0.99,1.6,2.86,4.2,1.78,3.62,5.14,4.83,4.15,3.39,5.8,0.71,0.12,-0.42,-0.64,-0.28,2
-0.77,1.16,-0.4,0.98,0.53,0.52,1.69,1.89,2.54,2.48,4.58,4.31,3.25,5.25,3.01,2.28,1.17,-0.63,-0.49,-0.54,-0.25,2
-1.33,-1.68,0.04,-0.72,-0.7,0.94,0.74,0.82,3.8,3.27,6.54,5.01,3.42,3.04,3.21,2.17,1.32,-0.12,0.03,2.09,0.42,2
0.02,-1.22,-1.07,1.04,-1.58,1.33,1.03,3.79,3.75,5.23,5.82,4.45,2.88,3.29,4.66,1.24,-0.09,-0.61,0.53,1.45,0.57,1
0.04,-1.68,-0.13,0.85,0.35,-0.31,-0.32,-1.9,-1.72,3.02,3.27,3.82,3.63,3.79,5.05,3.69,3.74,3.21,3.47,1.21,-0.56,2
0.33,1.1,0.5,1.41,0.27,-0.68,1.64,1.51,3.17,6.79,7.24,5.34,6.37,2.87,1.81,0.95,0.26,-0.44,-2.04,-1.26,-0.2,2
2.29,0.87,2.75,0.48,2.02,2.92,4.64,3.56,5.79,4.08,3.21,3.83,1.26,0.54,1.01,1.2,0.54,-0.65,0.33,0.79,-0.97,1
-0.37,0.24,-1.53,1.12,2.49,0.97,0.33,1.97,2.73,3.09,3.73,6.15,2.97,3.13,2.21,2.03,1.86,0.89,2.01,-1.57,0.33,2
0.76,0.57,1.02,3.47,2.3,5.04,1.86,2.16,4.63,5.24,3.96,3.4,2.61,0.75,1.26,-0.36,0.96,1.46,0.1,1.14,-1.11,1
0.92,1.09,-0.03,-0.8,0.92,1.63,2.1,1.66,4.12,4.84,6.09,5.02,3.27,3.41,0.02,0.93,-1.08,-0.38,-0.96,-1.21,1.65,1
0.01,-0.27,1.24,5.19,3.38,3.09,6.14,3.11,2.46,3.79,3.57,1.13,1.15,-1.38,-0.25,-0.0,-0.03,-1.11,0.87,1.28,-0.28,1
-1.62,-0.6,-0.11,0.16,-0.25,-0.65,0.42,-1.5,0.12,2.14,2.28,5.6,2.77,3.43,5.82,4.08,2.2,1.32,0.95,-0.47,0.37,2
-1.26,1.21,2.07,1.76,2.58,5.33,6.48,4.67,4.44,1.87,1.25,0.74,1.46,-0.56,1.3,0.76,-0.94,0.33,-1.82,0.69,0.57,1
-0.47,-0.02,0.59,-0.44,0.84,0.37,1.3,0.31,0.87,1.05,3.2,3.79,3.43,5.37,4.64,2.71,2.59,2.92,2.13,1.56,0.58,2
0.34,-1.84,0.93,1.33,-0.41,2.27,-0.2,3.5,2.34,1.74,3.13,3.1,3.76,4.63,3.86,3.36,2.16,1.13,1.63,1.77,0.33,2
0.07,0.77,-0.73,-1.2,0.98,3.37,2.9,3.95,3.24,4.09,5.78,4.93,3.23,1.68,1.12,3.12,-0.2,2.55,1.05,0.45,-2.03,1
0.91,0.03,-0.3,-0.07,-1.57,2.41,2.24,2.98,4.56,5.82,5.86,4.93,4.98,4.67,3.25,0.26,0.76,0.24,0.55,1.12,-1.16,2
0.16,0.81,0.72,2.32,-0.26,2.43,4.33,3.89,4.25,5.6,3.89,4.37,2.82,1.99,0.65,1.96,0.38,0.44,0.83,1.86,0.65,1
2.12,1.87,0.08,-0.97,0.39,-0.18,1.48,2.87,3.18,5.96,4.29,3.48,4.49,3.68,1.57,0.89,1.16,-0.47,0.45,0.29,0.0,2
0.33,0.44,1.79,0.49,0.51,2.17,4.48,1.79,4.48,3.27,6.18,4.14,3.1,3.82,-0.89,0.6,-1.01,1.75,0.29,-0.16,0.64,1
-0.03,-1.01,-0.59,-0.48,0.76,-0.6,1.76,0.24,2.76,1.35,3.39,4.35,1.82,5.74,3.32,1.57,3.53,1.29,2.44,0.03,-0.62,2
-1.15,-0.41,0.57,-0.18,-0.66,-0.16,2.49,2.63,2.06,3.09,3.08,4.77,3.46,3.14,1.83,1.43,-0.27,0.9,-1.44,-0.56,0.58,2
1.1,1.45,-0.43,0.55,-0.13,-0.63,2.64,1.61,2.49,4.76,7.05,3.99,4.42,5.61,3.94,0.07,1.79,0.95,1.66,0.26,-0.17,2
-1.03,1.31,2.55,2.31,2.28,2.57,3.2,2.62,4.43,4.82,4.35,3.81,3.19,2.29,1.02,0.83,1.84,1.37,1.95,-0.88,-0.04,1
-1.04,1.48,2.05,0.77,1.1,1.03,1.35,4.66,4.89,5.71,5.87,3.33,1.92,1.46,2.51,0.02,-0.17,1.16,-0.58,0.0,0.45,1
-1.33,-0.46,3.63,3.13,3.62,4.12,5.06,3.99,4.72,3.44,2.88,1.65,0.45,2.06,-0.26,0.26,-1.23,-0.05,-2.27,0.74,-0.05,1
0.2,-0.27,1.14,-0.07,0.34,2.15,4.19,3.35,2.45,4.21,4.75,5.59,3.09,0.91,2.85,0.12,1.14,-0.47,0.08,0.74,-2.16,1
-0.62,0.84,1.23,-0.55,0.09,-0.25,0.48,2.04,1.61,2.62,4.86,2.69,4.86,3.17,3.03,2.4,0.73,2.93,-0.37,0.51,-0.99,2
0.31,1.08,1.0,0.18,1.65,1.03,4.96,2.56,2.98,3.36,3.08,3.03,2.44,2.16,0.74,1.47,0.3,-0.61,-1.7,1.39,-1.44,1
-1.53,1.27,0.01,1.85,0.6,2.16,2.13,3.29,4.57,5.11,7.39,3.71,2.74,2.57,1.25,-0.45,-0.25,1.06,-0.67,0.25,-0.07,1
-0.3,1.03,1.1,4.06,4.56,4.2,5.86,3.9,3.93,2.8,2.43,1.39,1.43,0.44,-1.52,-0.07,0.95,0.25,1.02,-1.23,1.23,1
-2.69,0.25,1.14,1.4,2.82,2.82,4.02,5.76,3.73,3.71,4.21,1.72,1.87,1.4,0.62,-1.07,0.31,-1.24,-0.58,-0.16,-1.23,1
0.11,-1.3,-0.62,-0.15,0.85,1.66,4.18,2.82,5.08,7.63,5.74,4.05,2.66,2.77,1.92,2.73,-0.11,-0.44,1.01,0.84,-0.39,1
-1.14,1.64,1.68,2.31,2.78,2.87,3.93,4.1,4.21,4.39,3.44,3.31,0.52,1.72,1.58,1.15,0.23,0.95,0.18,-1.93,0.02,1
-0.8,2.38,2.08,1.94,1.17,5.01,5.93,3.44,3.05,3.14,0.7,1.82,2.47,2.91,1.92,-0.5,-0.78,-0.05,1.55,0.68,0.85,1
1.26,0.08,-0.92,1.0,-0.26,0.28,0.72,0.61,2.14,4.11,3.49,4.49,5.81,6.19,4.98,2.75,2.61,1.21,0.2,0.9,0.85,2
-0.76,0.51,0.82,0.83,2.2,3.88,4.26,3.97,3.61,4.5,3.39,1.21,2.22,0.12,-0.2,0.35,2.44,-0.43,-0.5,1.15,0.07,1
-0.47,0.66,-0.98,0.56,-1.59,0.14,-0.06,3.29,2.36,4.16,3.28,3.82,3.75,4.01,4.09,3.05,0.77,-0.06,2.14,-0.35,2.04,2
-1.78,-1.07,1.25,0.75,0.37,0.53,1.01,-0.59,2.76,1.03,2.83,5.11,4.44,5.37,4.18,2.94,4.86,0.83,0.5,0.73,1.31,2
1.07,-0.94,-0.34,0.39,-0.62,1.49,2.85,2.77,3.53,5.8,5.25,4.54,4.74,3.35,1.38,1.58,-0.6,0.48,1.65,2.42,-0.3,2
-0.26,0.68,2.29,2.37,3.18,5.65,5.39,4.87,3.85,2.8,2.28,0.63,0.59,0.69,-0.98,-0.79,0.84,-0.44,-1.41,-0.19,-1.09,1
-0.89,-0.91,1.12,-0.89,1.54,0.43,1.37,0.32,1.98,2.11,4.11,3.05,4.21,3.73,3.4,4.75,2.18,2.24,-0.22,0.48,-0.12,2
-0.36,0.91,0.96,1.17,-0.89,2.48,1.83,2.34,4.83,5.14,5.67,6.43,4.86,2.74,2.62,-0.08,1.34,-0.2,-0.22,2.05,-0.03,2
1.59,0.18,0.1,-0.35,0.19,0.78,2.51,3.07,2.57,1.71,4.7,3.43,4.2,2.54,3.12,2.92,1.41,1.23,1.4,0.52,1.04,2
-0.14,-0.62,0.63,0.56,0.36,2.44,0.55,1.56,-0.31,3.05,3.1,2.89,4.58,4.35,3.35,2.42,1.43,3.1,0.91,1.62,-1.34,2
0.65,3.4,1.86,2.36,3.22,3.22,6.83,3.59,4.24,3.14,1.68,3.12,2.03,0.21,1.58,-0.33,0.16,-0.59,1.41,-2.55,0.53,1
0.22,-0.5,-0.14,-1.12,1.04,1.28,-2.3,0.52,1.35,2.41,1.25,2.31,5.1,4.65,5.87,2.81,5.46,2.98,2.36,-0.02,-0.12,2
0.12,0.32,1.36,3.1,2.39,2.93,3.98,6.3,6.0,5.11,3.74,1.5,2.35,1.85,1.09,1.03,-1.12,1.87,-1.7,0.17,-0.02,1
0.82,0.88,0.04,-1.79,-0.05,0.97,1.24,0.86,-0.43,2.04,0.6,4.21,2.31,4.3,6.5,6.23,4.26,3.5,2.8,0.81,-1.52,2
-1.12,0.37,0.68,-2.31,-1.23,-0.35,-0.69,2.54,1.74,3.53,1.91,5.86,3.34,3.52,3.39,4.13,2.29,1.67,0.93,0.47,0.6,2
1.11,-0.38,0.29,0.06,-1.07,-0.02,0.22,0.69,0.59,1.3,2.07,3.04,2.8,4.1,5.4,3.28,2.99,2.39,1.88,1.28,0.07,2
1.84,1.13,0.72,2.06,1.25,1.18,2.66,3.62,2.74,3.5,5.72,4.73,2.79,2.82,0.78,3.16,-1.99,1.8,1.76,-1.25,0.89,1
-0.93,2.48,1.2,2.97,2.91,3.57,3.68,4.19,3.22,3.53,2.46,2.17,0.77,0.52,2.42,-0.89,0.51,-0.39,0.82,0.14,-0.63,1
0.59,-0.37,0.18,0.99,0.09,-0.29,3.39,2.43,3.83,4.55,7.4,5.27,5.52,1.41,1.28,1.67,-0.54,-0.15,2.01,-0.4,-0.65,2
0.01,0.54,1.35,1.9,1.37,2.34,4.0,4.71,4.98,2.46,4.37,1.63,1.71,2.38,-0.21,0.75,-0.49,-0.01,-0.05,1.1,-1.83,1
0.1,-0.43,-1.65,-1.04,0.58,0.35,1.48,3.11,3.89,5.33,7.11,3.87,2.65,2.73,1.71,0.04,0.26,1.33,-0.66,-1.56,-0.35,2
-0.38,3.15,-1.61,1.81,3.03,3.24,3.15,3.25,2.41,5.26,4.09,2.54,3.59,3.18,2.49,-0.09,-0.09,-0.46,-0.46,-1.16,0.27,1
-0.57,-0.12,1.06,1.49,2.68,0.69,2.01,3.06,4.76,4.26,8.56,4.82,3.91,2.59,3.66,1.31,1.22,-0.38,0.72,-0.03,-1.0,1
